sce_name,target_year,bus,type,water_miom3,oly_pool,onshore
clever,2030,AT1 0,H2 Electrolysis,0.021597231286222644,9.0,True
clever,2030,AT1 0,SMR,6.646331716143311e-08,0.0,True
clever,2030,AT1 0,biomass,5.852000000000007,2341.0,True
clever,2030,AT1 0,coal,1.36862433407232e-12,0.0,True
clever,2030,AT1 0,gas,4.0528433945758175,1621.0,True
clever,2030,AT1 0,hydro,767.6788471007916,307072.0,True
clever,2030,AT1 0,nuclear,2.4195573067542996e-12,0.0,True
clever,2030,AT1 0,oil,4.630455795255526e-12,0.0,True
clever,2030,BE1 0,H2 Electrolysis,2.216687780882468e-14,0.0,True
clever,2030,BE1 0,SMR,6.287938737840456e-08,0.0,True
clever,2030,BE1 0,biomass,2.717000000000009,1087.0,True
clever,2030,BE1 0,coal,1.8798572515439392e-06,0.0,True
clever,2030,BE1 0,gas,9.607058111449232,3843.0,True
clever,2030,BE1 0,hydro,10.751930156271571,4301.0,True
clever,2030,BE1 0,lignite,3.0524153837874612,1221.0,True
clever,2030,BE1 0,nuclear,25.958625443487872,10383.0,True
clever,2030,BE1 0,oil,1.426156530528743e-12,0.0,True
clever,2030,BG1 0,H2 Electrolysis,0.01727778502899532,7.0,True
clever,2030,BG1 0,SMR,6.64057629166375e-08,0.0,True
clever,2030,BG1 0,biomass,0.9531928743158291,381.0,True
clever,2030,BG1 0,coal,1.581628242577918e-06,0.0,True
clever,2030,BG1 0,gas,0.4223204419890616,169.0,True
clever,2030,BG1 0,hydro,69.77388750905875,27910.0,True
clever,2030,BG1 0,lignite,7.9753645003132725,3190.0,True
clever,2030,BG1 0,nuclear,14.892000000000374,5957.0,True
clever,2030,BG1 0,oil,1.425806121792101e-12,0.0,True
clever,2030,CZ1 0,H2 Electrolysis,0.014398154190819632,6.0,True
clever,2030,CZ1 0,SMR,7.194785177248505e-08,0.0,True
clever,2030,CZ1 0,biomass,2.6212804043685565,1049.0,True
clever,2030,CZ1 0,coal,8.044341399834302e-06,0.0,True
clever,2030,CZ1 0,gas,6.00600000000057,2402.0,True
clever,2030,CZ1 0,hydro,32.4670486591127,12987.0,True
clever,2030,CZ1 0,lignite,15.685023754241284,6274.0,True
clever,2030,CZ1 0,nuclear,66.5480000000009,26619.0,True
clever,2030,CZ1 0,oil,1.4259394216685159e-12,0.0,True
clever,2030,DE1 0,H2 Electrolysis,1.4801452639969907e-07,0.0,True
clever,2030,DE1 0,SMR,6.715457824382608e-08,0.0,True
clever,2030,DE1 0,biomass,0.2292277557819402,92.0,True
clever,2030,DE1 0,coal,2.142253099267225e-12,0.0,True
clever,2030,DE1 0,gas,12.198176289897107,4879.0,True
clever,2030,DE1 0,hydro,35.05905946561962,14024.0,True
clever,2030,DE1 0,nuclear,3.739943955117143e-12,0.0,True
clever,2030,DE1 0,oil,4.818215821673905e-05,0.0,True
clever,2030,DE1 1,H2 Electrolysis,0.3887485519533953,155.0,True
clever,2030,DE1 1,SMR,6.142208680382123e-08,0.0,True
clever,2030,DE1 1,biomass,0.6228911112319027,249.0,True
clever,2030,DE1 1,coal,2.2145884000086063e-12,0.0,True
clever,2030,DE1 1,gas,2.8270803277670162,1131.0,True
clever,2030,DE1 1,hydro,11.235192215531082,4494.0,True
clever,2030,DE1 1,nuclear,1.5012321414210113e-12,0.0,True
clever,2030,DE1 2,H2 Electrolysis,2.993326878314371e-07,0.0,True
clever,2030,DE1 2,SMR,6.743946311245458e-08,0.0,True
clever,2030,DE1 2,biomass,0.12033713976272807,48.0,True
clever,2030,DE1 2,gas,6.752539245688423,2701.0,True
clever,2030,DE1 2,hydro,31.86727302255774,12747.0,True
clever,2030,DE1 2,lignite,2.7025227688054133e-12,0.0,True
clever,2030,DE1 3,H2 Electrolysis,4.983785954850332e-07,0.0,True
clever,2030,DE1 3,SMR,6.012904277864351e-08,0.0,True
clever,2030,DE1 3,biomass,0.3008112738659395,120.0,True
clever,2030,DE1 3,coal,2.494303294081887e-12,0.0,True
clever,2030,DE1 3,gas,22.994519968636105,9198.0,True
clever,2030,DE1 3,hydro,45.85109838391901,18340.0,True
clever,2030,DE1 3,lignite,2.6019007958267976e-12,0.0,True
clever,2030,DE1 3,nuclear,3.74017126241434e-12,0.0,True
clever,2030,DE1 4,H2 Electrolysis,1.4660654075313332e-07,0.0,True
clever,2030,DE1 4,SMR,6.581614335062913e-08,0.0,True
clever,2030,DE1 4,biomass,0.05743471875301725,23.0,True
clever,2030,DE1 4,gas,2.2178094903336816,887.0,True
clever,2030,DE1 4,hydro,38.70942510719226,15484.0,True
clever,2030,DE1 5,H2 Electrolysis,1.7650797636892173e-07,0.0,True
clever,2030,DE1 5,SMR,7.072151950130855e-08,0.0,True
clever,2030,DE1 5,biomass,0.37887057648445904,152.0,True
clever,2030,DE1 5,coal,2.1458135148738207e-12,0.0,True
clever,2030,DE1 5,gas,5.6673677872828225,2267.0,True
clever,2030,DE1 5,hydro,214.49158970983171,85797.0,True
clever,2030,DE1 5,nuclear,3.7407714436482e-12,0.0,True
clever,2030,DE1 5,oil,4.731423186355585,1893.0,True
clever,2030,DE1 6,H2 Electrolysis,3.4235716189098356e-07,0.0,True
clever,2030,DE1 6,SMR,6.692270649501772e-08,0.0,True
clever,2030,DE1 6,biomass,0.19681317277012175,79.0,True
clever,2030,DE1 6,coal,2.442267767255113e-12,0.0,True
clever,2030,DE1 6,gas,3.9585430004340685,1583.0,True
clever,2030,DE1 6,hydro,5.8113110692137155,2325.0,True
clever,2030,DE1 6,lignite,2.5871326451670943e-12,0.0,True
clever,2030,DE1 6,oil,0.0002265747284398903,0.0,True
clever,2030,DK1 0,H2 Electrolysis,0.04319401297295283,17.0,True
clever,2030,DK1 0,SMR,7.091747569591822e-08,0.0,True
clever,2030,DK1 0,biomass,3.0270718329036272,1211.0,True
clever,2030,DK1 0,coal,5.61655160379291e-13,0.0,True
clever,2030,DK1 0,gas,0.002345520590512224,1.0,True
clever,2030,DK1 0,hydro,7.789050233736382e-11,0.0,True
clever,2030,DK1 0,nuclear,2.415200383285898e-12,0.0,True
clever,2030,DK2 0,H2 Electrolysis,4.495994904875563e-07,0.0,True
clever,2030,DK2 0,SMR,7.14751840392529e-08,0.0,True
clever,2030,DK2 0,biomass,0.547401445780736,219.0,True
clever,2030,DK2 0,gas,0.2299810778014304,92.0,True
clever,2030,DK2 0,hydro,7.787769732664234e-11,0.0,True
clever,2030,DK2 0,nuclear,2.4152626157262656e-12,0.0,True
clever,2030,DK2 0,oil,1.346531836381462e-12,0.0,True
clever,2030,EE6 0,H2 Electrolysis,0.004319446257279546,2.0,True
clever,2030,EE6 0,SMR,6.703345021970932e-08,0.0,True
clever,2030,EE6 0,biomass,0.9531928743158287,381.0,True
clever,2030,EE6 0,coal,1.8043152673857712e-12,0.0,True
clever,2030,EE6 0,gas,0.9002198581584788,360.0,True
clever,2030,EE6 0,hydro,7.779930073446133e-11,0.0,True
clever,2030,EE6 0,lignite,2.4533298378429055e-12,0.0,True
clever,2030,EE6 0,nuclear,2.413550865795531e-12,0.0,True
clever,2030,EE6 0,oil,1.4264611066625773e-12,0.0,True
clever,2030,ES1 0,H2 Electrolysis,0.037049938421901504,15.0,True
clever,2030,ES1 0,SMR,5.5396925195968036e-08,0.0,True
clever,2030,ES1 0,biomass,0.2582979787465039,103.0,True
clever,2030,ES1 0,coal,0.012760445255631251,5.0,True
clever,2030,ES1 0,gas,1.485285066171251,594.0,True
clever,2030,ES1 0,hydro,129.9714927141308,51989.0,True
clever,2030,ES1 0,oil,1.4259902175429866e-12,0.0,True
clever,2030,ES1 1,H2 Electrolysis,0.0013237343287337382,1.0,True
clever,2030,ES1 1,SMR,5.4989883122118954e-08,0.0,True
clever,2030,ES1 1,biomass,0.3208404452444612,128.0,True
clever,2030,ES1 1,coal,0.05954245492296423,24.0,True
clever,2030,ES1 1,gas,22.416123312699376,8966.0,True
clever,2030,ES1 1,hydro,122.21272279250086,48885.0,True
clever,2030,ES1 1,nuclear,51.69963008862411,20680.0,True
clever,2030,ES1 1,oil,1.4259674835806175e-12,0.0,True
clever,2030,ES1 2,H2 Electrolysis,0.06764581518865123,27.0,True
clever,2030,ES1 2,SMR,5.601949208411963e-08,0.0,True
clever,2030,ES1 2,biomass,0.37404820819070594,150.0,True
clever,2030,ES1 2,coal,0.09086501097714815,36.0,True
clever,2030,ES1 2,gas,5.10369399140808,2041.0,True
clever,2030,ES1 2,hydro,362.1071584178604,144843.0,True
clever,2030,ES1 2,nuclear,0.20518489706890872,82.0,True
clever,2030,ES1 2,oil,1.4259838264196442e-12,0.0,True
clever,2030,ES4 0,H2 Electrolysis,0.2712121518590514,108.0,True
clever,2030,ES4 0,SMR,4.596272846423243e-08,0.0,True
clever,2030,ES4 0,biomass,6.242135221396333e-06,0.0,True
clever,2030,ES4 0,gas,4.144451118658681,1658.0,True
clever,2030,ES4 0,hydro,1.6524207821035636e-08,0.0,True
clever,2030,ES4 0,oil,1.4260826255463655e-12,0.0,True
clever,2030,FI2 0,H2 Electrolysis,0.07055095553482606,28.0,True
clever,2030,FI2 0,SMR,6.361514764979547e-08,0.0,True
clever,2030,FI2 0,biomass,12.704617760617332,5082.0,True
clever,2030,FI2 0,coal,1.2404798467515849e-12,0.0,True
clever,2030,FI2 0,gas,0.3186405228759097,127.0,True
clever,2030,FI2 0,hydro,266.04603089887894,106418.0,True
clever,2030,FI2 0,nuclear,19.697018817315328,7879.0,True
clever,2030,FI2 0,oil,1.4796895363213533e-13,0.0,True
clever,2030,FR1 0,H2 Electrolysis,0.00628688806029106,3.0,True
clever,2030,FR1 0,SMR,6.449348973769454e-08,0.0,True
clever,2030,FR1 0,biomass,0.21164420150351612,85.0,True
clever,2030,FR1 0,gas,6.74999388184764e-07,0.0,True
clever,2030,FR1 0,hydro,414.03028681578894,165612.0,True
clever,2030,FR1 0,nuclear,133.3178718271191,53327.0,True
clever,2030,FR1 1,H2 Electrolysis,0.023509243225687707,9.0,True
clever,2030,FR1 1,SMR,6.759849949864504e-08,0.0,True
clever,2030,FR1 1,biomass,0.5084921879368104,203.0,True
clever,2030,FR1 1,coal,1.3700065126561771e-12,0.0,True
clever,2030,FR1 1,gas,0.7722611654747528,309.0,True
clever,2030,FR1 1,hydro,0.00018896112815656993,0.0,True
clever,2030,FR1 1,nuclear,33.723014826472664,13489.0,True
clever,2030,FR1 1,oil,1.4800209213170557e-13,0.0,True
clever,2030,FR1 2,H2 Electrolysis,0.004019873579743006,2.0,True
clever,2030,FR1 2,SMR,6.542721836960914e-08,0.0,True
clever,2030,FR1 2,biomass,0.17529423707272793,70.0,True
clever,2030,FR1 2,gas,0.006366772091224939,3.0,True
clever,2030,FR1 2,hydro,198.02071534681627,79208.0,True
clever,2030,FR1 2,nuclear,116.39392178366946,46558.0,True
clever,2030,FR1 3,H2 Electrolysis,0.0032090265031456235,1.0,True
clever,2030,FR1 3,SMR,6.307780527056919e-08,0.0,True
clever,2030,FR1 3,biomass,0.2032992832893901,81.0,True
clever,2030,FR1 3,gas,0.002892565971164066,1.0,True
clever,2030,FR1 3,hydro,91.7322529700953,36693.0,True
clever,2030,FR1 3,nuclear,80.24165345565032,32097.0,True
clever,2030,FR1 4,H2 Electrolysis,0.004640890466997269,2.0,True
clever,2030,FR1 4,SMR,6.506076700633234e-08,0.0,True
clever,2030,FR1 4,biomass,0.29344387897350027,117.0,True
clever,2030,FR1 4,coal,2.6104106669140126e-12,0.0,True
clever,2030,FR1 4,gas,0.5384371020451701,215.0,True
clever,2030,FR1 4,hydro,230.9312646395601,92373.0,True
clever,2030,FR1 4,nuclear,37.805332597629786,15122.0,True
clever,2030,FR1 5,H2 Electrolysis,0.00691729270619832,3.0,True
clever,2030,FR1 5,SMR,6.754903499105141e-08,0.0,True
clever,2030,FR1 5,biomass,0.36464949037129374,146.0,True
clever,2030,FR1 5,coal,2.6101778883554175e-12,0.0,True
clever,2030,FR1 5,gas,0.3992902946558084,160.0,True
clever,2030,FR1 5,hydro,82.63777742282723,33055.0,True
clever,2030,FR1 5,nuclear,75.5018746016582,30201.0,True
clever,2030,FR1 6,H2 Electrolysis,0.060842757307970584,24.0,True
clever,2030,FR1 6,SMR,6.507801002676024e-08,0.0,True
clever,2030,FR1 6,biomass,0.27571650728951763,110.0,True
clever,2030,FR1 6,coal,1.370185773082033e-12,0.0,True
clever,2030,FR1 6,gas,0.24845858251693193,99.0,True
clever,2030,FR1 6,hydro,0.0001577619376468998,0.0,True
clever,2030,FR1 6,nuclear,0.00030665372547700713,0.0,True
clever,2030,FR1 6,oil,8.563083813178086e-13,0.0,True
clever,2030,GB0 0,H2 Electrolysis,0.021920896059264294,9.0,True
clever,2030,GB0 0,SMR,6.291161656119646e-08,0.0,True
clever,2030,GB0 0,biomass,0.316736370835446,127.0,True
clever,2030,GB0 0,gas,19.566273497757717,7827.0,True
clever,2030,GB0 0,hydro,1.591154656151095e-08,0.0,True
clever,2030,GB0 0,nuclear,39.396497763949505,15759.0,True
clever,2030,GB0 0,oil,2.766524778136708e-12,0.0,True
clever,2030,GB0 1,H2 Electrolysis,0.008620330218086806,3.0,True
clever,2030,GB0 1,SMR,6.406137833751796e-08,0.0,True
clever,2030,GB0 1,biomass,0.02621057302224955,10.0,True
clever,2030,GB0 1,gas,0.5832957508487231,233.0,True
clever,2030,GB0 1,hydro,84.21192347400071,33685.0,True
clever,2030,GB0 1,nuclear,4.1492791526740956e-05,0.0,True
clever,2030,GB0 2,H2 Electrolysis,1.594418166141523e-06,0.0,True
clever,2030,GB0 2,SMR,6.056947304014919e-08,0.0,True
clever,2030,GB0 2,biomass,0.08450853718400479,34.0,True
clever,2030,GB0 2,coal,2.6092275775651295e-12,0.0,True
clever,2030,GB0 2,gas,11.913640166404798,4765.0,True
clever,2030,GB0 2,hydro,22.23022530274904,8892.0,True
clever,2030,GB0 2,nuclear,0.002791752857469663,1.0,True
clever,2030,GB0 3,H2 Electrolysis,0.038091475582820306,15.0,True
clever,2030,GB0 3,SMR,6.364466766730013e-08,0.0,True
clever,2030,GB0 3,biomass,0.7530484360978055,301.0,True
clever,2030,GB0 3,coal,2.5695584327638547e-12,0.0,True
clever,2030,GB0 3,gas,17.198828193046392,6880.0,True
clever,2030,GB0 3,hydro,1.5862610670057635e-08,0.0,True
clever,2030,GB0 3,nuclear,23.840668990415423,9536.0,True
clever,2030,GB5 0,H2 Electrolysis,0.13869912406890847,55.0,True
clever,2030,GB5 0,SMR,5.993261844057522e-08,0.0,True
clever,2030,GB5 0,biomass,0.0015624274093666206,1.0,True
clever,2030,GB5 0,gas,0.34345301655815685,137.0,True
clever,2030,GB5 0,hydro,1.5847861766107528e-08,0.0,True
clever,2030,GB5 0,oil,1.06623083469883e-12,0.0,True
clever,2030,GR1 0,H2 Electrolysis,0.020157415867153434,8.0,True
clever,2030,GR1 0,SMR,6.944555973243507e-08,0.0,True
clever,2030,GR1 0,biomass,1.7124728275289473e-12,0.0,True
clever,2030,GR1 0,gas,4.06784860195581,1627.0,True
clever,2030,GR1 0,hydro,121.85704636333197,48743.0,True
clever,2030,GR1 0,lignite,2.6164823990298904e-12,0.0,True
clever,2030,GR1 0,nuclear,2.4189855625213813e-12,0.0,True
clever,2030,GR1 0,oil,1.4258535703965687e-12,0.0,True
clever,2030,HR1 0,H2 Electrolysis,0.00863889251452048,3.0,True
clever,2030,HR1 0,SMR,5.9458345199916474e-08,0.0,True
clever,2030,HR1 0,biomass,0.4765964371579159,191.0,True
clever,2030,HR1 0,coal,0.47500000000000286,190.0,True
clever,2030,HR1 0,gas,0.5638522280135287,226.0,True
clever,2030,HR1 0,hydro,113.8610814075419,45544.0,True
clever,2030,HR1 0,nuclear,2.418470098108807e-12,0.0,True
clever,2030,HR1 0,oil,1.346151300128351e-12,0.0,True
clever,2030,HU1 0,H2 Electrolysis,0.014398154190820687,6.0,True
clever,2030,HU1 0,SMR,7.09513857200253e-08,0.0,True
clever,2030,HU1 0,biomass,1.2539999999999998,502.0,True
clever,2030,HU1 0,gas,2.3960677578988663,958.0,True
clever,2030,HU1 0,hydro,3.570212133471364,1428.0,True
clever,2030,HU1 0,lignite,2.4867066471463825e-12,0.0,True
clever,2030,HU1 0,nuclear,14.688000000000565,5875.0,True
clever,2030,HU1 0,oil,1.4793772027877146e-13,0.0,True
clever,2030,IE5 0,H2 Electrolysis,0.08350929430647491,33.0,True
clever,2030,IE5 0,SMR,5.708363660675915e-08,0.0,True
clever,2030,IE5 0,biomass,0.11914910928963714,48.0,True
clever,2030,IE5 0,coal,1.805559911037598e-12,0.0,True
clever,2030,IE5 0,gas,0.5478707639287966,219.0,True
clever,2030,IE5 0,hydro,14.606033755258975,5842.0,True
clever,2030,IE5 0,lignite,2.451782143785736e-12,0.0,True
clever,2030,IE5 0,nuclear,2.418705222407794e-12,0.0,True
clever,2030,IE5 0,oil,1.3464936232210452e-12,0.0,True
clever,2030,IT1 0,H2 Electrolysis,6.562283286906886e-06,0.0,True
clever,2030,IT1 0,SMR,6.523906126740515e-08,0.0,True
clever,2030,IT1 0,biomass,0.08128660270295042,33.0,True
clever,2030,IT1 0,coal,6.965096249398978e-13,0.0,True
clever,2030,IT1 0,gas,6.529969580129704,2612.0,True
clever,2030,IT1 0,hydro,106.48322845792154,42593.0,True
clever,2030,IT1 0,nuclear,2.4171273615973156e-12,0.0,True
clever,2030,IT1 0,oil,4.630403421698879e-12,0.0,True
clever,2030,IT1 1,H2 Electrolysis,0.01594005933737852,6.0,True
clever,2030,IT1 1,SMR,5.9470123120512134e-08,0.0,True
clever,2030,IT1 1,biomass,2.1034493634560564e-05,0.0,True
clever,2030,IT1 1,coal,5.590620538943592e-13,0.0,True
clever,2030,IT1 1,gas,3.778802254977762,1512.0,True
clever,2030,IT1 1,hydro,328.95476733555256,131582.0,True
clever,2030,IT1 1,nuclear,2.4173478186250434e-12,0.0,True
clever,2030,IT1 1,oil,1.479627651865203e-13,0.0,True
clever,2030,IT1 2,H2 Electrolysis,0.0031103287026186944,1.0,True
clever,2030,IT1 2,SMR,6.634741541548805e-08,0.0,True
clever,2030,IT1 2,biomass,0.07605469595106502,30.0,True
clever,2030,IT1 2,coal,5.619211605904163e-13,0.0,True
clever,2030,IT1 2,gas,12.107417397908879,4843.0,True
clever,2030,IT1 2,hydro,69.88798186100271,27955.0,True
clever,2030,IT1 2,nuclear,2.417314106996162e-12,0.0,True
clever,2030,IT1 2,oil,1.3462169210485792e-12,0.0,True
clever,2030,IT1 3,H2 Electrolysis,1.789491328574301e-06,0.0,True
clever,2030,IT1 3,SMR,6.516556258812421e-08,0.0,True
clever,2030,IT1 3,biomass,0.16851245091763917,67.0,True
clever,2030,IT1 3,coal,1.368588190988458e-12,0.0,True
clever,2030,IT1 3,gas,6.193998008588919,2478.0,True
clever,2030,IT1 3,hydro,368.85713712747594,147543.0,True
clever,2030,IT1 3,nuclear,2.4172675845237998e-12,0.0,True
clever,2030,IT3 0,H2 Electrolysis,0.009737568567222956,4.0,True
clever,2030,IT3 0,SMR,5.731878277569115e-08,0.0,True
clever,2030,IT3 0,biomass,7.943465582597818e-07,0.0,True
clever,2030,IT3 0,coal,1.3685986647750774e-12,0.0,True
clever,2030,IT3 0,gas,1.0408178407373874,416.0,True
clever,2030,IT3 0,hydro,14.855773219686041,5942.0,True
clever,2030,IT3 0,nuclear,2.416955267333172e-12,0.0,True
clever,2030,IT3 0,oil,1.548751585521942e-12,0.0,True
clever,2030,LT6 0,H2 Electrolysis,0.007199077095427469,3.0,True
clever,2030,LT6 0,SMR,8.003692677510909e-08,0.0,True
clever,2030,LT6 0,biomass,0.3574473278684816,143.0,True
clever,2030,LT6 0,coal,1.8047858816831986e-12,0.0,True
clever,2030,LT6 0,gas,0.7993564356459579,320.0,True
clever,2030,LT6 0,hydro,7.405800885236609,2962.0,True
clever,2030,LT6 0,lignite,2.450498787919958e-12,0.0,True
clever,2030,LT6 0,nuclear,2.4151791497384164e-12,0.0,True
clever,2030,LT6 0,oil,1.4262199119916728e-12,0.0,True
clever,2030,LU1 0,H2 Electrolysis,0.0014398154191430812,1.0,True
clever,2030,LU1 0,SMR,6.685765142577839e-08,0.0,True
clever,2030,LU1 0,biomass,0.11914910928962419,48.0,True
clever,2030,LU1 0,coal,1.8046275138428893e-12,0.0,True
clever,2030,LU1 0,gas,0.0010000000000208104,0.0,True
clever,2030,LU1 0,hydro,1.8888871065992467,756.0,True
clever,2030,LU1 0,lignite,2.4501410195236516e-12,0.0,True
clever,2030,LU1 0,nuclear,2.4174533817086116e-12,0.0,True
clever,2030,LU1 0,oil,1.4260246768483336e-12,0.0,True
clever,2030,LV6 0,H2 Electrolysis,0.005759261676347749,2.0,True
clever,2030,LV6 0,SMR,7.911126525861343e-08,0.0,True
clever,2030,LV6 0,biomass,0.5957455464473942,238.0,True
clever,2030,LV6 0,coal,1.8050083546168864e-12,0.0,True
clever,2030,LV6 0,gas,1.9500000000018223,780.0,True
clever,2030,LV6 0,hydro,50.999995997497315,20400.0,True
clever,2030,LV6 0,lignite,2.451825419555882e-12,0.0,True
clever,2030,LV6 0,nuclear,2.4145985558276464e-12,0.0,True
clever,2030,LV6 0,oil,1.4261979079672784e-12,0.0,True
clever,2030,NL1 0,H2 Electrolysis,0.13102320313597177,52.0,True
clever,2030,NL1 0,SMR,5.8391676197916203e-08,0.0,True
clever,2030,NL1 0,biomass,1.906385748631621,763.0,True
clever,2030,NL1 0,coal,9.500096127277621e-13,0.0,True
clever,2030,NL1 0,gas,27.784839714471406,11114.0,True
clever,2030,NL1 0,hydro,1.888888873727456,756.0,True
clever,2030,NL1 0,nuclear,2.4158942990949778e-12,0.0,True
clever,2030,NL1 0,oil,1.4260668558127282e-12,0.0,True
clever,2030,PL1 0,H2 Electrolysis,0.06623150927756431,26.0,True
clever,2030,PL1 0,SMR,7.265607487451364e-08,0.0,True
clever,2030,PL1 0,biomass,5.528898395721948,2212.0,True
clever,2030,PL1 0,coal,2.8965865287158366e-05,0.0,True
clever,2030,PL1 0,gas,9.728565872191012,3891.0,True
clever,2030,PL1 0,hydro,37.24984524376321,14900.0,True
clever,2030,PL1 0,lignite,44.466724682182125,17787.0,True
clever,2030,PL1 0,nuclear,2.417113760582627e-12,0.0,True
clever,2030,PL1 0,oil,1.3463795201104018e-12,0.0,True
clever,2030,PT1 0,H2 Electrolysis,0.03311575463885003,13.0,True
clever,2030,PT1 0,SMR,4.8995804064636755e-08,0.0,True
clever,2030,PT1 0,biomass,1.9063857486316511,763.0,True
clever,2030,PT1 0,coal,1.7752907983524453e-12,0.0,True
clever,2030,PT1 0,gas,7.94655203619973,3179.0,True
clever,2030,PT1 0,hydro,216.29330534585858,86517.0,True
clever,2030,PT1 0,nuclear,2.418525399311342e-12,0.0,True
clever,2030,PT1 0,oil,1.4259220900579816e-12,0.0,True
clever,2030,RO1 0,H2 Electrolysis,0.028796308381626473,12.0,True
clever,2030,RO1 0,SMR,7.483670336311633e-08,0.0,True
clever,2030,RO1 0,biomass,0.357447327868488,143.0,True
clever,2030,RO1 0,coal,2.8235784528491642e-06,0.0,True
clever,2030,RO1 0,gas,12.59673671331567,5039.0,True
clever,2030,RO1 0,hydro,287.8132737052077,115125.0,True
clever,2030,RO1 0,lignite,6.153997479184373,2462.0,True
clever,2030,RO1 0,nuclear,10.098000000000287,4039.0,True
clever,2030,RO1 0,oil,1.4258070493445964e-12,0.0,True
clever,2030,SE2 0,H2 Electrolysis,0.24476862124301055,98.0,True
clever,2030,SE2 0,SMR,5.962835419805807e-08,0.0,True
clever,2030,SE2 0,biomass,19.02690265486725,7611.0,True
clever,2030,SE2 0,coal,1.3684362514187753e-12,0.0,True
clever,2030,SE2 0,gas,3.755053272282361e-12,0.0,True
clever,2030,SE2 0,hydro,1175.4730217002325,470189.0,True
clever,2030,SE2 0,nuclear,40.80000000000001,16320.0,True
clever,2030,SE2 0,oil,5.732640310679007e-13,0.0,True
clever,2030,SI1 0,H2 Electrolysis,0.0028796308382196046,1.0,True
clever,2030,SI1 0,SMR,6.601540297612962e-08,0.0,True
clever,2030,SI1 0,biomass,0.1191491092896102,48.0,True
clever,2030,SI1 0,gas,0.0,0.0,True
clever,2030,SI1 0,hydro,79.72417940830029,31890.0,True
clever,2030,SI1 0,lignite,1.4018771280531568,561.0,True
clever,2030,SI1 0,nuclear,5.507999999999962,2203.0,True
clever,2030,SI1 0,oil,1.4259129444425972e-12,0.0,True
clever,2030,SK1 0,H2 Electrolysis,0.007199077095434914,3.0,True
clever,2030,SK1 0,SMR,7.44729410202663e-08,0.0,True
clever,2030,SK1 0,biomass,0.4765964371579153,191.0,True
clever,2030,SK1 0,coal,2.6069117151625054e-12,0.0,True
clever,2030,SK1 0,gas,1.643239612188616,657.0,True
clever,2030,SK1 0,hydro,75.95479413534183,30382.0,True
clever,2030,SK1 0,lignite,2.615016259358397e-12,0.0,True
clever,2030,SK1 0,nuclear,49.783999999999,19914.0,True
clever,2030,SK1 0,oil,1.4258889931570374e-12,0.0,True
clever,2040,AT1 0,H2 Electrolysis,0.15324231864683158,61.0,True
clever,2040,AT1 0,SMR,2.403097816841626e-07,0.0,True
clever,2040,AT1 0,biomass,5.85200000000002,2341.0,True
clever,2040,AT1 0,coal,6.232958789064516e-12,0.0,True
clever,2040,AT1 0,gas,1.351807608726171,541.0,True
clever,2040,AT1 0,hydro,766.3414954447655,306537.0,True
clever,2040,AT1 0,lignite,1.406751137973757e-12,0.0,True
clever,2040,AT1 0,nuclear,1.2109928044233166e-11,0.0,True
clever,2040,AT1 0,oil,2.27356246700417e-11,0.0,True
clever,2040,BE1 0,H2 Electrolysis,0.06911114011589607,28.0,True
clever,2040,BE1 0,SMR,2.126345704750742e-07,0.0,True
clever,2040,BE1 0,biomass,2.717000000000021,1087.0,True
clever,2040,BE1 0,coal,8.293594662529534e-12,0.0,True
clever,2040,BE1 0,gas,5.917356960945945,2367.0,True
clever,2040,BE1 0,hydro,10.751928975627663,4301.0,True
clever,2040,BE1 0,lignite,2.8078076040780797e-12,0.0,True
clever,2040,BE1 0,nuclear,1.1049596591945965e-11,0.0,True
clever,2040,BE1 0,oil,7.015709013811392e-12,0.0,True
clever,2040,BG1 0,H2 Electrolysis,0.13018809470058348,52.0,True
clever,2040,BG1 0,SMR,1.5819289687507727e-07,0.0,True
clever,2040,BG1 0,biomass,0.9531928743158398,381.0,True
clever,2040,BG1 0,coal,6.374077246993181e-12,0.0,True
clever,2040,BG1 0,gas,0.12901402536641668,52.0,True
clever,2040,BG1 0,hydro,69.77388673983388,27910.0,True
clever,2040,BG1 0,lignite,2.807631294852625e-12,0.0,True
clever,2040,BG1 0,nuclear,6.9360000000055155,2774.0,True
clever,2040,BG1 0,oil,7.0203078160574986e-12,0.0,True
clever,2040,CZ1 0,H2 Electrolysis,0.11313514875921192,45.0,True
clever,2040,CZ1 0,SMR,2.3267042104254e-07,0.0,True
clever,2040,CZ1 0,biomass,2.621280404368531,1049.0,True
clever,2040,CZ1 0,coal,1.1977853265773674e-11,0.0,True
clever,2040,CZ1 0,gas,2.9790966190938764,1192.0,True
clever,2040,CZ1 0,hydro,32.5255317978167,13010.0,True
clever,2040,CZ1 0,lignite,2.797414319292791e-12,0.0,True
clever,2040,CZ1 0,nuclear,32.51200000000565,13005.0,True
clever,2040,CZ1 0,oil,7.012467879141151e-12,0.0,True
clever,2040,DE1 0,H2 Electrolysis,6.825532984173937e-07,0.0,True
clever,2040,DE1 0,SMR,2.3631671374685304e-07,0.0,True
clever,2040,DE1 0,biomass,0.20749450413586074,83.0,True
clever,2040,DE1 0,coal,9.75901909494207e-12,0.0,True
clever,2040,DE1 0,gas,0.43786084563601196,175.0,True
clever,2040,DE1 0,hydro,36.0542864317683,14422.0,True
clever,2040,DE1 0,lignite,1.4067660261507912e-12,0.0,True
clever,2040,DE1 0,nuclear,1.8731734351819436e-11,0.0,True
clever,2040,DE1 0,oil,4.658735887191399e-13,0.0,True
clever,2040,DE1 1,H2 Electrolysis,1.47232139327677,589.0,True
clever,2040,DE1 1,SMR,2.1438397549774728e-07,0.0,True
clever,2040,DE1 1,biomass,0.4550647392410896,182.0,True
clever,2040,DE1 1,coal,1.0086662926841913e-11,0.0,True
clever,2040,DE1 1,gas,0.1276107436478715,51.0,True
clever,2040,DE1 1,hydro,9.447616050598045,3779.0,True
clever,2040,DE1 1,lignite,1.4067786636284925e-12,0.0,True
clever,2040,DE1 1,nuclear,7.525973233280545e-12,0.0,True
clever,2040,DE1 1,oil,3.4152079490089976e-12,0.0,True
clever,2040,DE1 2,H2 Electrolysis,5.582227593570223e-06,0.0,True
clever,2040,DE1 2,SMR,2.1932680372746243e-07,0.0,True
clever,2040,DE1 2,biomass,0.19767218003639753,79.0,True
clever,2040,DE1 2,coal,3.4809497305618888e-12,0.0,True
clever,2040,DE1 2,gas,0.3305617962591767,132.0,True
clever,2040,DE1 2,hydro,29.899443564247402,11960.0,True
clever,2040,DE1 2,lignite,8.417635196340073e-12,0.0,True
clever,2040,DE1 2,nuclear,6.1072485218576356e-12,0.0,True
clever,2040,DE1 2,oil,3.41964432271313e-12,0.0,True
clever,2040,DE1 3,H2 Electrolysis,0.6818463566876468,273.0,True
clever,2040,DE1 3,SMR,2.262852550959014e-07,0.0,True
clever,2040,DE1 3,biomass,0.22939642925952064,92.0,True
clever,2040,DE1 3,coal,1.1360153216753123e-11,0.0,True
clever,2040,DE1 3,gas,1.0365527780865114,415.0,True
clever,2040,DE1 3,hydro,45.87457218796936,18350.0,True
clever,2040,DE1 3,lignite,8.101180423113376e-12,0.0,True
clever,2040,DE1 3,nuclear,1.873030289188024e-11,0.0,True
clever,2040,DE1 3,oil,3.413614636793417e-12,0.0,True
clever,2040,DE1 4,H2 Electrolysis,4.939047340670126e-07,0.0,True
clever,2040,DE1 4,SMR,2.319687796607328e-07,0.0,True
clever,2040,DE1 4,biomass,0.10175992310407041,41.0,True
clever,2040,DE1 4,coal,3.4831964267029374e-12,0.0,True
clever,2040,DE1 4,gas,0.048216875991874006,19.0,True
clever,2040,DE1 4,hydro,39.93361932817525,15973.0,True
clever,2040,DE1 4,lignite,1.4067424247578713e-12,0.0,True
clever,2040,DE1 4,nuclear,6.1042862873605166e-12,0.0,True
clever,2040,DE1 4,oil,3.4164234337856138e-12,0.0,True
clever,2040,DE1 5,H2 Electrolysis,8.633353865941407e-07,0.0,True
clever,2040,DE1 5,SMR,2.3668287121555523e-07,0.0,True
clever,2040,DE1 5,biomass,0.3041856796305532,122.0,True
clever,2040,DE1 5,coal,9.774437708713994e-12,0.0,True
clever,2040,DE1 5,gas,0.22426551834814457,90.0,True
clever,2040,DE1 5,hydro,216.11136869696784,86445.0,True
clever,2040,DE1 5,lignite,1.4067623953164708e-12,0.0,True
clever,2040,DE1 5,nuclear,1.8728979479286398e-11,0.0,True
clever,2040,DE1 5,oil,6.204990552863524e-12,0.0,True
clever,2040,DE1 6,H2 Electrolysis,5.0797019797411804e-06,0.0,True
clever,2040,DE1 6,SMR,2.25020604488532e-07,0.0,True
clever,2040,DE1 6,biomass,0.29166318393854496,117.0,True
clever,2040,DE1 6,coal,1.1126123810108741e-11,0.0,True
clever,2040,DE1 6,gas,0.145651636348087,58.0,True
clever,2040,DE1 6,hydro,5.70403548078444,2282.0,True
clever,2040,DE1 6,lignite,8.058694925066188e-12,0.0,True
clever,2040,DE1 6,nuclear,6.107362660483356e-12,0.0,True
clever,2040,DE1 6,oil,7.51178661182109e-12,0.0,True
clever,2040,DK1 0,H2 Electrolysis,0.12929233085194494,52.0,True
clever,2040,DK1 0,SMR,2.269248799850421e-07,0.0,True
clever,2040,DK1 0,biomass,2.1476297908613344,859.0,True
clever,2040,DK1 0,coal,2.5597734567344086e-12,0.0,True
clever,2040,DK1 0,gas,0.0014827553065925433,1.0,True
clever,2040,DK1 0,hydro,1.9021458270437007e-10,0.0,True
clever,2040,DK1 0,lignite,1.4067469830710053e-12,0.0,True
clever,2040,DK1 0,nuclear,1.2110869325305668e-11,0.0,True
clever,2040,DK1 0,oil,3.421581898262857e-12,0.0,True
clever,2040,DK2 0,H2 Electrolysis,0.033911872104666625,14.0,True
clever,2040,DK2 0,SMR,2.2348509350152414e-07,0.0,True
clever,2040,DK2 0,biomass,0.4736506135072146,189.0,True
clever,2040,DK2 0,coal,3.483823379312179e-12,0.0,True
clever,2040,DK2 0,gas,0.16790775365980537,67.0,True
clever,2040,DK2 0,hydro,1.8958444477949493e-10,0.0,True
clever,2040,DK2 0,lignite,1.4068153794784033e-12,0.0,True
clever,2040,DK2 0,nuclear,1.2112575964356865e-11,0.0,True
clever,2040,DK2 0,oil,6.613469986267769e-12,0.0,True
clever,2040,EE6 0,H2 Electrolysis,0.035932845101692173,14.0,True
clever,2040,EE6 0,SMR,2.3336334810793163e-07,0.0,True
clever,2040,EE6 0,biomass,0.7148946557368834,286.0,True
clever,2040,EE6 0,coal,8.219730768244336e-12,0.0,True
clever,2040,EE6 0,gas,0.37662340087816787,151.0,True
clever,2040,EE6 0,hydro,1.918642477903664e-10,0.0,True
clever,2040,EE6 0,lignite,7.631036611469632e-12,0.0,True
clever,2040,EE6 0,nuclear,1.2132047455405816e-11,0.0,True
clever,2040,EE6 0,oil,6.99922245174884e-12,0.0,True
clever,2040,ES1 0,H2 Electrolysis,0.035600736814103855,14.0,True
clever,2040,ES1 0,SMR,1.3619345180957961e-07,0.0,True
clever,2040,ES1 0,biomass,0.25836776154385643,103.0,True
clever,2040,ES1 0,coal,3.840929639186742e-12,0.0,True
clever,2040,ES1 0,gas,0.7221324296250508,289.0,True
clever,2040,ES1 0,hydro,130.7479447468511,52299.0,True
clever,2040,ES1 0,lignite,1.406734378196361e-12,0.0,True
clever,2040,ES1 0,nuclear,6.053470629986456e-12,0.0,True
clever,2040,ES1 0,oil,7.024623292318154e-12,0.0,True
clever,2040,ES1 1,H2 Electrolysis,0.5569397146383658,223.0,True
clever,2040,ES1 1,SMR,1.4230039794461954e-07,0.0,True
clever,2040,ES1 1,biomass,0.3208586116633132,128.0,True
clever,2040,ES1 1,coal,7.761313999260215e-12,0.0,True
clever,2040,ES1 1,gas,5.605181461775969,2242.0,True
clever,2040,ES1 1,hydro,120.242574923929,48097.0,True
clever,2040,ES1 1,lignite,1.4067155480312697e-12,0.0,True
clever,2040,ES1 1,nuclear,1.1505154602041e-11,0.0,True
clever,2040,ES1 1,oil,7.021167250917805e-12,0.0,True
clever,2040,ES1 2,H2 Electrolysis,0.0562749485367188,23.0,True
clever,2040,ES1 2,SMR,1.3507288697075245e-07,0.0,True
clever,2040,ES1 2,biomass,0.37396377251858287,150.0,True
clever,2040,ES1 2,coal,7.603741722339088e-12,0.0,True
clever,2040,ES1 2,gas,5.002708951302498,2001.0,True
clever,2040,ES1 2,hydro,366.7008533707976,146680.0,True
clever,2040,ES1 2,lignite,1.4067322954624308e-12,0.0,True
clever,2040,ES1 2,nuclear,6.607734546227175e-12,0.0,True
clever,2040,ES1 2,oil,7.023838603251423e-12,0.0,True
clever,2040,ES4 0,H2 Electrolysis,0.2252468112001945,90.0,True
clever,2040,ES4 0,SMR,1.3976221237919106e-07,0.0,True
clever,2040,ES4 0,biomass,2.728590111456633e-06,0.0,True
clever,2040,ES4 0,coal,3.491685840300125e-12,0.0,True
clever,2040,ES4 0,gas,1.747925019268582,699.0,True
clever,2040,ES4 0,hydro,2.7272314492667587e-08,0.0,True
clever,2040,ES4 0,lignite,1.4067480915384179e-12,0.0,True
clever,2040,ES4 0,nuclear,6.059027665494635e-12,0.0,True
clever,2040,ES4 0,oil,7.025919359245784e-12,0.0,True
clever,2040,FI2 0,H2 Electrolysis,0.5031110018429918,201.0,True
clever,2040,FI2 0,SMR,2.481538379460394e-07,0.0,True
clever,2040,FI2 0,biomass,12.704617760611693,5082.0,True
clever,2040,FI2 0,coal,5.653727682149311e-12,0.0,True
clever,2040,FI2 0,gas,0.09754154274277026,39.0,True
clever,2040,FI2 0,hydro,266.0460326039961,106418.0,True
clever,2040,FI2 0,lignite,1.4067695705377746e-12,0.0,True
clever,2040,FI2 0,nuclear,18.54802605298163,7419.0,True
clever,2040,FI2 0,oil,7.267499974533689e-13,0.0,True
clever,2040,FR1 0,H2 Electrolysis,0.001092633421142675,0.0,True
clever,2040,FR1 0,SMR,2.0143847554886447e-07,0.0,True
clever,2040,FR1 0,biomass,0.30922314428558056,124.0,True
clever,2040,FR1 0,coal,3.4817469156611842e-12,0.0,True
clever,2040,FR1 0,gas,1.7347579996535468e-06,0.0,True
clever,2040,FR1 0,hydro,401.68170261268114,160673.0,True
clever,2040,FR1 0,lignite,1.406758307472392e-12,0.0,True
clever,2040,FR1 0,nuclear,36.29907511783213,14520.0,True
clever,2040,FR1 0,oil,3.422722880479298e-12,0.0,True
clever,2040,FR1 1,H2 Electrolysis,0.0431463509794429,17.0,True
clever,2040,FR1 1,SMR,2.0496067297904195e-07,0.0,True
clever,2040,FR1 1,biomass,0.5779588920028228,231.0,True
clever,2040,FR1 1,coal,6.23152999223825e-12,0.0,True
clever,2040,FR1 1,gas,2.992659184822234,1197.0,True
clever,2040,FR1 1,hydro,3.222565067879479e-05,0.0,True
clever,2040,FR1 1,lignite,1.4068256930483884e-12,0.0,True
clever,2040,FR1 1,nuclear,10.801477367557899,4321.0,True
clever,2040,FR1 1,oil,7.26359578652973e-13,0.0,True
clever,2040,FR1 2,H2 Electrolysis,0.0005738273001709328,0.0,True
clever,2040,FR1 2,SMR,1.8918686927294108e-07,0.0,True
clever,2040,FR1 2,biomass,0.2743690384630136,110.0,True
clever,2040,FR1 2,coal,3.484397981338433e-12,0.0,True
clever,2040,FR1 2,gas,0.017041367626520476,7.0,True
clever,2040,FR1 2,hydro,194.2690227480544,77708.0,True
clever,2040,FR1 2,lignite,1.406731072839193e-12,0.0,True
clever,2040,FR1 2,nuclear,29.576996824807562,11831.0,True
clever,2040,FR1 2,oil,3.4271623256469775e-12,0.0,True
clever,2040,FR1 3,H2 Electrolysis,0.0003733682619524578,0.0,True
clever,2040,FR1 3,SMR,1.756978901299753e-07,0.0,True
clever,2040,FR1 3,biomass,0.2546902846148381,102.0,True
clever,2040,FR1 3,coal,3.48156857864906e-12,0.0,True
clever,2040,FR1 3,gas,5.2061815610299584e-06,0.0,True
clever,2040,FR1 3,hydro,92.1532695550483,36861.0,True
clever,2040,FR1 3,lignite,1.4067554568352343e-12,0.0,True
clever,2040,FR1 3,nuclear,32.84379704943856,13138.0,True
clever,2040,FR1 3,oil,3.4297757991759802e-12,0.0,True
clever,2040,FR1 4,H2 Electrolysis,0.0007108949453072591,0.0,True
clever,2040,FR1 4,SMR,1.813892406526203e-07,0.0,True
clever,2040,FR1 4,biomass,0.6955185899774122,278.0,True
clever,2040,FR1 4,coal,1.1872218937634075e-11,0.0,True
clever,2040,FR1 4,gas,1.2232049168080854,489.0,True
clever,2040,FR1 4,hydro,216.57959222355146,86632.0,True
clever,2040,FR1 4,lignite,1.406787073821356e-12,0.0,True
clever,2040,FR1 4,nuclear,13.830439654920113,5532.0,True
clever,2040,FR1 4,oil,3.4279959295943053e-12,0.0,True
clever,2040,FR1 5,H2 Electrolysis,0.001152361561245916,0.0,True
clever,2040,FR1 5,SMR,2.2072930831550182e-07,0.0,True
clever,2040,FR1 5,biomass,0.5455148910351061,218.0,True
clever,2040,FR1 5,coal,1.187722105177992e-11,0.0,True
clever,2040,FR1 5,gas,0.561176237567367,224.0,True
clever,2040,FR1 5,hydro,88.05155047819514,35221.0,True
clever,2040,FR1 5,lignite,1.4067348292491607e-12,0.0,True
clever,2040,FR1 5,nuclear,31.176291359418208,12471.0,True
clever,2040,FR1 5,oil,3.4125915092887966e-12,0.0,True
clever,2040,FR1 6,H2 Electrolysis,0.6701970121994258,268.0,True
clever,2040,FR1 6,SMR,1.737759294297116e-07,0.0,True
clever,2040,FR1 6,biomass,0.26301496504140226,105.0,True
clever,2040,FR1 6,coal,6.232777829026659e-12,0.0,True
clever,2040,FR1 6,gas,0.9377941567326874,375.0,True
clever,2040,FR1 6,hydro,3.253070047436111e-05,0.0,True
clever,2040,FR1 6,lignite,1.4067626043108466e-12,0.0,True
clever,2040,FR1 6,nuclear,0.00012680003897123855,0.0,True
clever,2040,FR1 6,oil,4.2052595533887065e-12,0.0,True
clever,2040,GB0 0,H2 Electrolysis,0.09176715843660646,37.0,True
clever,2040,GB0 0,SMR,1.9491227113275108e-07,0.0,True
clever,2040,GB0 0,biomass,0.6194909847173986,248.0,True
clever,2040,GB0 0,coal,3.482367006086916e-12,0.0,True
clever,2040,GB0 0,gas,8.501669534454814,3401.0,True
clever,2040,GB0 0,hydro,2.025377321314379e-08,0.0,True
clever,2040,GB0 0,lignite,1.4068273516753779e-12,0.0,True
clever,2040,GB0 0,nuclear,16.478960917912982,6592.0,True
clever,2040,GB0 0,oil,1.3588135643748124e-11,0.0,True
clever,2040,GB0 1,H2 Electrolysis,0.4055971770760398,162.0,True
clever,2040,GB0 1,SMR,1.750120432973211e-07,0.0,True
clever,2040,GB0 1,biomass,1.0332069490542346e-05,0.0,True
clever,2040,GB0 1,coal,3.4813454068933533e-12,0.0,True
clever,2040,GB0 1,gas,0.0662830540728468,27.0,True
clever,2040,GB0 1,hydro,84.21192665026153,33685.0,True
clever,2040,GB0 1,lignite,1.4067901925318453e-12,0.0,True
clever,2040,GB0 1,nuclear,1.8240206451449237e-05,0.0,True
clever,2040,GB0 1,oil,3.424439638406762e-12,0.0,True
clever,2040,GB0 2,H2 Electrolysis,0.10939142899670448,44.0,True
clever,2040,GB0 2,SMR,1.7858308415238003e-07,0.0,True
clever,2040,GB0 2,biomass,0.05010738050698722,20.0,True
clever,2040,GB0 2,coal,1.1875828368470794e-11,0.0,True
clever,2040,GB0 2,gas,6.632157731475553,2653.0,True
clever,2040,GB0 2,hydro,22.23022124676385,8892.0,True
clever,2040,GB0 2,lignite,1.4068014224413216e-12,0.0,True
clever,2040,GB0 2,nuclear,0.0008056658015961652,0.0,True
clever,2040,GB0 2,oil,3.4297008952481506e-12,0.0,True
clever,2040,GB0 3,H2 Electrolysis,0.3417119523454663,137.0,True
clever,2040,GB0 3,SMR,1.8936861005275662e-07,0.0,True
clever,2040,GB0 3,biomass,0.7062827692149218,283.0,True
clever,2040,GB0 3,coal,1.1694706854768496e-11,0.0,True
clever,2040,GB0 3,gas,8.345085966853595,3338.0,True
clever,2040,GB0 3,hydro,2.0302782646957773e-08,0.0,True
clever,2040,GB0 3,lignite,1.4067918167445644e-12,0.0,True
clever,2040,GB0 3,nuclear,9.122214491801305,3649.0,True
clever,2040,GB0 3,oil,3.428493480392206e-12,0.0,True
clever,2040,GB5 0,H2 Electrolysis,0.3208691409429961,128.0,True
clever,2040,GB5 0,SMR,1.5879370319417896e-07,0.0,True
clever,2040,GB5 0,biomass,3.16642773203918e-06,0.0,True
clever,2040,GB5 0,coal,3.4817226897045375e-12,0.0,True
clever,2040,GB5 0,gas,0.09221843749022164,37.0,True
clever,2040,GB5 0,hydro,2.073264134436837e-08,0.0,True
clever,2040,GB5 0,lignite,1.4068213048020969e-12,0.0,True
clever,2040,GB5 0,nuclear,1.1011918869706516e-06,0.0,True
clever,2040,GB5 0,oil,5.234647288378995e-12,0.0,True
clever,2040,GR1 0,H2 Electrolysis,0.09265558954421255,37.0,True
clever,2040,GR1 0,SMR,1.495552030822606e-07,0.0,True
clever,2040,GR1 0,biomass,3.902341188688533e-12,0.0,True
clever,2040,GR1 0,coal,3.482956669341296e-12,0.0,True
clever,2040,GR1 0,gas,2.578731227364189,1031.0,True
clever,2040,GR1 0,hydro,148.3014893812698,59321.0,True
clever,2040,GR1 0,lignite,8.144596327399727e-12,0.0,True
clever,2040,GR1 0,nuclear,1.2108307434150492e-11,0.0,True
clever,2040,GR1 0,oil,7.012700306517412e-12,0.0,True
clever,2040,HR1 0,H2 Electrolysis,0.058631748442679814,23.0,True
clever,2040,HR1 0,SMR,1.823663616683262e-07,0.0,True
clever,2040,HR1 0,biomass,0.4765964371581067,191.0,True
clever,2040,HR1 0,coal,5.194761688658849e-12,0.0,True
clever,2040,HR1 0,gas,0.1840003609522609,74.0,True
clever,2040,HR1 0,hydro,114.03323330419846,45613.0,True
clever,2040,HR1 0,lignite,1.4067468107514466e-12,0.0,True
clever,2040,HR1 0,nuclear,1.2112621305467714e-11,0.0,True
clever,2040,HR1 0,oil,6.61417733126127e-12,0.0,True
clever,2040,HU1 0,H2 Electrolysis,0.10158042233191475,41.0,True
clever,2040,HU1 0,SMR,1.9885441791654748e-07,0.0,True
clever,2040,HU1 0,biomass,1.254000000000022,502.0,True
clever,2040,HU1 0,coal,3.4843704384344224e-12,0.0,True
clever,2040,HU1 0,gas,1.443579946854937,577.0,True
clever,2040,HU1 0,hydro,3.570223968261717,1428.0,True
clever,2040,HU1 0,lignite,7.73940348616883e-12,0.0,True
clever,2040,HU1 0,nuclear,7.306024253608875e-12,0.0,True
clever,2040,HU1 0,oil,7.263276091439045e-13,0.0,True
clever,2040,IE5 0,H2 Electrolysis,0.6657750504436827,266.0,True
clever,2040,IE5 0,SMR,1.6930182958952242e-07,0.0,True
clever,2040,IE5 0,biomass,0.11914910929007956,48.0,True
clever,2040,IE5 0,coal,8.228623350843267e-12,0.0,True
clever,2040,IE5 0,gas,0.23569162605751479,94.0,True
clever,2040,IE5 0,hydro,14.606036459666381,5842.0,True
clever,2040,IE5 0,lignite,7.631975102767357e-12,0.0,True
clever,2040,IE5 0,nuclear,1.2079946124639725e-11,0.0,True
clever,2040,IE5 0,oil,6.625819887881047e-12,0.0,True
clever,2040,IT1 0,H2 Electrolysis,3.622276080933071e-07,0.0,True
clever,2040,IT1 0,SMR,1.9699250367196285e-07,0.0,True
clever,2040,IT1 0,biomass,0.08059285880604898,32.0,True
clever,2040,IT1 0,coal,3.1755278596870502e-12,0.0,True
clever,2040,IT1 0,gas,1.5674758496781844,627.0,True
clever,2040,IT1 0,hydro,123.8402723263706,49536.0,True
clever,2040,IT1 0,lignite,1.4067746171798439e-12,0.0,True
clever,2040,IT1 0,nuclear,1.2062393045947818e-11,0.0,True
clever,2040,IT1 0,oil,2.2810395765635792e-11,0.0,True
clever,2040,IT1 1,H2 Electrolysis,0.008600383511580555,3.0,True
clever,2040,IT1 1,SMR,2.23412442525106e-07,0.0,True
clever,2040,IT1 1,biomass,0.0021262223663348267,1.0,True
clever,2040,IT1 1,coal,2.549022218612308e-12,0.0,True
clever,2040,IT1 1,gas,1.69031620308841,676.0,True
clever,2040,IT1 1,hydro,349.42441379284406,139770.0,True
clever,2040,IT1 1,lignite,1.4068452918679942e-12,0.0,True
clever,2040,IT1 1,nuclear,1.2064735877427747e-11,0.0,True
clever,2040,IT1 1,oil,7.288567644023989e-13,0.0,True
clever,2040,IT1 2,H2 Electrolysis,0.1199076186316004,48.0,True
clever,2040,IT1 2,SMR,2.044676523386866e-07,0.0,True
clever,2040,IT1 2,biomass,0.07354008492206586,29.0,True
clever,2040,IT1 2,coal,2.561515743401678e-12,0.0,True
clever,2040,IT1 2,gas,3.8881311935547824,1555.0,True
clever,2040,IT1 2,hydro,76.63009049214931,30652.0,True
clever,2040,IT1 2,lignite,1.406770782878564e-12,0.0,True
clever,2040,IT1 2,nuclear,1.2064025216009674e-11,0.0,True
clever,2040,IT1 2,oil,6.630815563913012e-12,0.0,True
clever,2040,IT1 3,H2 Electrolysis,4.5786460711941575e-07,0.0,True
clever,2040,IT1 3,SMR,2.0420621241241097e-07,0.0,True
clever,2040,IT1 3,biomass,0.16670864685365577,67.0,True
clever,2040,IT1 3,coal,6.239429222106535e-12,0.0,True
clever,2040,IT1 3,gas,1.6262959896387505,651.0,True
clever,2040,IT1 3,hydro,384.1331269858318,153653.0,True
clever,2040,IT1 3,lignite,1.4068280176054864e-12,0.0,True
clever,2040,IT1 3,nuclear,1.2062234562185179e-11,0.0,True
clever,2040,IT1 3,oil,3.444817422241666e-12,0.0,True
clever,2040,IT3 0,H2 Electrolysis,0.23082644633443059,92.0,True
clever,2040,IT3 0,SMR,1.8414564431717264e-07,0.0,True
clever,2040,IT3 0,biomass,0.0021092886994076555,1.0,True
clever,2040,IT3 0,coal,6.239981169839536e-12,0.0,True
clever,2040,IT3 0,gas,0.370814456745512,148.0,True
clever,2040,IT3 0,hydro,16.21098213076625,6484.0,True
clever,2040,IT3 0,lignite,1.4067748341750084e-12,0.0,True
clever,2040,IT3 0,nuclear,1.2064949596218855e-11,0.0,True
clever,2040,IT3 0,oil,7.628388393026542e-12,0.0,True
clever,2040,LT6 0,H2 Electrolysis,0.04878477090784792,20.0,True
clever,2040,LT6 0,SMR,2.0743835406875668e-07,0.0,True
clever,2040,LT6 0,biomass,0.35744732786872924,143.0,True
clever,2040,LT6 0,coal,8.220529708163818e-12,0.0,True
clever,2040,LT6 0,gas,0.31319702557780704,125.0,True
clever,2040,LT6 0,hydro,7.46504808013707,2986.0,True
clever,2040,LT6 0,lignite,7.63134404081187e-12,0.0,True
clever,2040,LT6 0,nuclear,1.2121406010073168e-11,0.0,True
clever,2040,LT6 0,oil,7.001812168543429e-12,0.0,True
clever,2040,LU1 0,H2 Electrolysis,0.00430087827984755,2.0,True
clever,2040,LU1 0,SMR,2.1737488561768213e-07,0.0,True
clever,2040,LU1 0,biomass,0.11914910929011119,48.0,True
clever,2040,LU1 0,coal,8.223000595345006e-12,0.0,True
clever,2040,LU1 0,gas,9.63301471677243e-14,0.0,True
clever,2040,LU1 0,hydro,1.888885360089205,756.0,True
clever,2040,LU1 0,lignite,7.631687551687816e-12,0.0,True
clever,2040,LU1 0,nuclear,1.2113640951603314e-11,0.0,True
clever,2040,LU1 0,oil,6.9999231903177315e-12,0.0,True
clever,2040,LV6 0,H2 Electrolysis,0.05171311961680665,21.0,True
clever,2040,LV6 0,SMR,2.0871253573356437e-07,0.0,True
clever,2040,LV6 0,biomass,0.5957455464474055,238.0,True
clever,2040,LV6 0,coal,8.225572759086665e-12,0.0,True
clever,2040,LV6 0,gas,0.61181856489075,245.0,True
clever,2040,LV6 0,hydro,50.99999575724919,20400.0,True
clever,2040,LV6 0,lignite,7.631944674608607e-12,0.0,True
clever,2040,LV6 0,nuclear,1.2103549587744464e-11,0.0,True
clever,2040,LV6 0,oil,7.012235300529906e-12,0.0,True
clever,2040,NL1 0,H2 Electrolysis,0.9644946680868727,386.0,True
clever,2040,NL1 0,SMR,2.110727383453137e-07,0.0,True
clever,2040,NL1 0,biomass,1.0723419836053183,429.0,True
clever,2040,NL1 0,coal,4.326774242456457e-12,0.0,True
clever,2040,NL1 0,gas,12.401188858419303,4960.0,True
clever,2040,NL1 0,hydro,1.8888888807377755,756.0,True
clever,2040,NL1 0,lignite,1.4068027198242226e-12,0.0,True
clever,2040,NL1 0,nuclear,1.2096912999633267e-11,0.0,True
clever,2040,NL1 0,oil,7.009193146365163e-12,0.0,True
clever,2040,PL1 0,H2 Electrolysis,0.4999533064058637,200.0,True
clever,2040,PL1 0,SMR,2.0302063736374293e-07,0.0,True
clever,2040,PL1 0,biomass,5.528898395721934,2212.0,True
clever,2040,PL1 0,coal,9.594750930088262e-12,0.0,True
clever,2040,PL1 0,gas,6.985160508723667,2794.0,True
clever,2040,PL1 0,hydro,37.2090848769847,14884.0,True
clever,2040,PL1 0,lignite,2.4755101281345713e-12,0.0,True
clever,2040,PL1 0,nuclear,1.2091688695417428e-11,0.0,True
clever,2040,PL1 0,oil,6.624093330363717e-12,0.0,True
clever,2040,PT1 0,H2 Electrolysis,0.21994525398903322,88.0,True
clever,2040,PT1 0,SMR,1.1416159885775131e-07,0.0,True
clever,2040,PT1 0,biomass,1.906385748631665,763.0,True
clever,2040,PT1 0,coal,8.083153396379648e-12,0.0,True
clever,2040,PT1 0,gas,2.6004937410879947,1040.0,True
clever,2040,PT1 0,hydro,216.1997388743456,86480.0,True
clever,2040,PT1 0,lignite,1.406756672181829e-12,0.0,True
clever,2040,PT1 0,nuclear,1.2113190521965832e-11,0.0,True
clever,2040,PT1 0,oil,7.0080157454549925e-12,0.0,True
clever,2040,RO1 0,H2 Electrolysis,0.20308309795058177,81.0,True
clever,2040,RO1 0,SMR,1.754874661110124e-07,0.0,True
clever,2040,RO1 0,biomass,0.35744732786892996,143.0,True
clever,2040,RO1 0,coal,1.3417003529323273e-11,0.0,True
clever,2040,RO1 0,gas,4.109241848132491,1644.0,True
clever,2040,RO1 0,hydro,287.81327370632806,115125.0,True
clever,2040,RO1 0,lignite,2.993392572575309e-12,0.0,True
clever,2040,RO1 0,nuclear,9.486000000004463,3794.0,True
clever,2040,RO1 0,oil,7.021648447269107e-12,0.0,True
clever,2040,SE2 0,H2 Electrolysis,0.5131944288864995,205.0,True
clever,2040,SE2 0,SMR,2.1070113665986587e-07,0.0,True
clever,2040,SE2 0,biomass,19.026902654867268,7611.0,True
clever,2040,SE2 0,coal,6.231374965448267e-12,0.0,True
clever,2040,SE2 0,gas,6.412451602384075e-12,0.0,True
clever,2040,SE2 0,hydro,1194.366747795582,477747.0,True
clever,2040,SE2 0,lignite,1.4067901652934941e-12,0.0,True
clever,2040,SE2 0,nuclear,7.080822567991013e-12,0.0,True
clever,2040,SE2 0,oil,2.8137307132419063e-12,0.0,True
clever,2040,SI1 0,H2 Electrolysis,0.02579447555461445,10.0,True
clever,2040,SI1 0,SMR,2.137565482842944e-07,0.0,True
clever,2040,SI1 0,biomass,0.1191491092900652,48.0,True
clever,2040,SI1 0,coal,3.4830868942199306e-12,0.0,True
clever,2040,SI1 0,gas,0.0,0.0,True
clever,2040,SI1 0,hydro,79.72417878226965,31890.0,True
clever,2040,SI1 0,lignite,1.937768790813974e-12,0.0,True
clever,2040,SI1 0,nuclear,7.241598405612712e-12,0.0,True
clever,2040,SI1 0,oil,7.006200359375916e-12,0.0,True
clever,2040,SK1 0,H2 Electrolysis,0.05438341203938955,22.0,True
clever,2040,SK1 0,SMR,2.1761683510140606e-07,0.0,True
clever,2040,SK1 0,biomass,0.47659643715798866,191.0,True
clever,2040,SK1 0,coal,1.1878855052107912e-11,0.0,True
clever,2040,SK1 0,gas,0.6672159352481803,267.0,True
clever,2040,SK1 0,hydro,75.9547934862364,30382.0,True
clever,2040,SK1 0,lignite,8.145511016182038e-12,0.0,True
clever,2040,SK1 0,nuclear,30.48000000000749,12192.0,True
clever,2040,SK1 0,oil,6.998168562746977e-12,0.0,True
clever,2050,AT1 0,H2 Electrolysis,0.19012784148310022,76.0,True
clever,2050,AT1 0,SMR,2.310130053349473e-09,0.0,True
clever,2050,AT1 0,biomass,5.851999999999855,2341.0,True
clever,2050,AT1 0,coal,2.1552614113173873e-13,0.0,True
clever,2050,AT1 0,gas,2.2367759370807537e-13,0.0,True
clever,2050,AT1 0,hydro,766.6232072141053,306649.0,True
clever,2050,AT1 0,lignite,1.917668105849475e-13,0.0,True
clever,2050,AT1 0,nuclear,3.7079556790798563e-13,0.0,True
clever,2050,AT1 0,oil,7.069868690786906e-13,0.0,True
clever,2050,BE1 0,H2 Electrolysis,0.15718938868194002,63.0,True
clever,2050,BE1 0,SMR,2.2073075003869906e-09,0.0,True
clever,2050,BE1 0,biomass,2.7169999999999956,1087.0,True
clever,2050,BE1 0,coal,2.8429446155336595e-13,0.0,True
clever,2050,BE1 0,gas,2.097975661398322,839.0,True
clever,2050,BE1 0,hydro,10.751931288268585,4301.0,True
clever,2050,BE1 0,lignite,3.8353386661235895e-13,0.0,True
clever,2050,BE1 0,nuclear,3.490493862186406e-13,0.0,True
clever,2050,BE1 0,oil,2.1771135564591532e-13,0.0,True
clever,2050,BG1 0,H2 Electrolysis,0.19011390863643834,76.0,True
clever,2050,BG1 0,SMR,2.1151884181256427e-09,0.0,True
clever,2050,BG1 0,biomass,0.95319287431583,381.0,True
clever,2050,BG1 0,coal,2.1838914230549219e-13,0.0,True
clever,2050,BG1 0,gas,1.4567487482455328e-13,0.0,True
clever,2050,BG1 0,hydro,69.77388834131445,27910.0,True
clever,2050,BG1 0,lignite,3.837823604446512e-13,0.0,True
clever,2050,BG1 0,nuclear,2.304170475983456e-13,0.0,True
clever,2050,BG1 0,oil,2.177113405989218e-13,0.0,True
clever,2050,CZ1 0,H2 Electrolysis,0.16039149055434127,64.0,True
clever,2050,CZ1 0,SMR,2.3111608992268417e-09,0.0,True
clever,2050,CZ1 0,biomass,2.621280404368519,1049.0,True
clever,2050,CZ1 0,coal,4.1063374943394955e-13,0.0,True
clever,2050,CZ1 0,gas,1.605709945036491,642.0,True
clever,2050,CZ1 0,hydro,32.38261852208977,12953.0,True
clever,2050,CZ1 0,lignite,3.814473830297755e-13,0.0,True
clever,2050,CZ1 0,nuclear,5.737836600134336e-13,0.0,True
clever,2050,CZ1 0,oil,2.1771136513746833e-13,0.0,True
clever,2050,DE1 0,H2 Electrolysis,5.277174416545815e-08,0.0,True
clever,2050,DE1 0,SMR,2.255144537540873e-09,0.0,True
clever,2050,DE1 0,biomass,0.008085123099440577,3.0,True
clever,2050,DE1 0,coal,3.373612748312813e-13,0.0,True
clever,2050,DE1 0,gas,5.904814101572068e-13,0.0,True
clever,2050,DE1 0,hydro,35.4737716065774,14190.0,True
clever,2050,DE1 0,lignite,1.9176680341567676e-13,0.0,True
clever,2050,DE1 0,nuclear,5.737847664699494e-13,0.0,True
clever,2050,DE1 0,oil,2.2587310996638458e-14,0.0,True
clever,2050,DE1 1,H2 Electrolysis,1.726292605554086,691.0,True
clever,2050,DE1 1,SMR,2.1675143346292404e-09,0.0,True
clever,2050,DE1 1,biomass,1.8277833349670291e-06,0.0,True
clever,2050,DE1 1,coal,3.4878682240732173e-13,0.0,True
clever,2050,DE1 1,gas,3.1229363945793727e-13,0.0,True
clever,2050,DE1 1,hydro,10.24125128993529,4097.0,True
clever,2050,DE1 1,lignite,1.917667974403537e-13,0.0,True
clever,2050,DE1 1,nuclear,2.3041750046568074e-13,0.0,True
clever,2050,DE1 1,oil,1.0885562747244914e-13,0.0,True
clever,2050,DE1 2,H2 Electrolysis,0.00925355405945135,4.0,True
clever,2050,DE1 2,SMR,2.2270533069940725e-09,0.0,True
clever,2050,DE1 2,biomass,0.139033591905249,56.0,True
clever,2050,DE1 2,coal,1.4214686429177424e-13,0.0,True
clever,2050,DE1 2,gas,7.676193019376008e-13,0.0,True
clever,2050,DE1 2,hydro,29.733259787780206,11893.0,True
clever,2050,DE1 2,lignite,4.229361810358814e-13,0.0,True
clever,2050,DE1 2,nuclear,1.8539733418581926e-13,0.0,True
clever,2050,DE1 2,oil,1.0885562887143665e-13,0.0,True
clever,2050,DE1 3,H2 Electrolysis,1.0530654537115463,421.0,True
clever,2050,DE1 3,SMR,2.181254380194006e-09,0.0,True
clever,2050,DE1 3,biomass,1.8085155888845952e-06,0.0,True
clever,2050,DE1 3,coal,3.927879126812953e-13,0.0,True
clever,2050,DE1 3,gas,6.371347849121644e-13,0.0,True
clever,2050,DE1 3,hydro,46.69789261026466,18679.0,True
clever,2050,DE1 3,lignite,4.070526846050414e-13,0.0,True
clever,2050,DE1 3,nuclear,5.737847572708187e-13,0.0,True
clever,2050,DE1 3,oil,1.0885563110891642e-13,0.0,True
clever,2050,DE1 4,H2 Electrolysis,4.760388189518754e-08,0.0,True
clever,2050,DE1 4,SMR,2.2868672638249086e-09,0.0,True
clever,2050,DE1 4,biomass,0.3873407057338398,155.0,True
clever,2050,DE1 4,coal,1.4214686814809e-13,0.0,True
clever,2050,DE1 4,gas,2.1802075436357346e-13,0.0,True
clever,2050,DE1 4,hydro,39.32941255373357,15732.0,True
clever,2050,DE1 4,lignite,1.9176680407374276e-13,0.0,True
clever,2050,DE1 4,nuclear,1.8539733562709184e-13,0.0,True
clever,2050,DE1 4,oil,1.0885563356694565e-13,0.0,True
clever,2050,DE1 5,H2 Electrolysis,9.43601552918961e-08,0.0,True
clever,2050,DE1 5,SMR,2.3093358404021528e-09,0.0,True
clever,2050,DE1 5,biomass,1.0979731634337058,439.0,True
clever,2050,DE1 5,coal,3.3790608326226975e-13,0.0,True
clever,2050,DE1 5,gas,3.37438810634624e-13,0.0,True
clever,2050,DE1 5,hydro,215.8441395103276,86338.0,True
clever,2050,DE1 5,lignite,1.9176680324105343e-13,0.0,True
clever,2050,DE1 5,nuclear,5.737847604509839e-13,0.0,True
clever,2050,DE1 5,oil,2.0554562615906231e-13,0.0,True
clever,2050,DE1 6,H2 Electrolysis,0.13618952835307602,54.0,True
clever,2050,DE1 6,SMR,2.199102903405307e-09,0.0,True
clever,2050,DE1 6,biomass,0.03565130958197063,14.0,True
clever,2050,DE1 6,coal,3.8468228575046195e-13,0.0,True
clever,2050,DE1 6,gas,4.351594498975084e-13,0.0,True
clever,2050,DE1 6,hydro,5.705231355336192,2282.0,True
clever,2050,DE1 6,lignite,4.0489965536415224e-13,0.0,True
clever,2050,DE1 6,nuclear,1.8539733579609192e-13,0.0,True
clever,2050,DE1 6,oil,3.366050784180239e-13,0.0,True
clever,2050,DK1 0,H2 Electrolysis,0.15056031050035287,60.0,True
clever,2050,DK1 0,SMR,2.2023119260545103e-09,0.0,True
clever,2050,DK1 0,biomass,2.691270250260112e-13,0.0,True
clever,2050,DK1 0,coal,8.847914457519039e-14,0.0,True
clever,2050,DK1 0,gas,0.0007635888238679181,0.0,True
clever,2050,DK1 0,hydro,5.9527638969072335e-12,0.0,True
clever,2050,DK1 0,lignite,1.9176679260902747e-13,0.0,True
clever,2050,DK1 0,nuclear,3.707955445341351e-13,0.0,True
clever,2050,DK1 0,oil,1.0885562706757101e-13,0.0,True
clever,2050,DK2 0,H2 Electrolysis,0.04325213170707528,17.0,True
clever,2050,DK2 0,SMR,2.2110134498447106e-09,0.0,True
clever,2050,DK2 0,biomass,2.6912699359202473e-13,0.0,True
clever,2050,DK2 0,coal,1.4214686550656692e-13,0.0,True
clever,2050,DK2 0,gas,0.20476617410643605,82.0,True
clever,2050,DK2 0,hydro,5.952761598873014e-12,0.0,True
clever,2050,DK2 0,lignite,1.9176679558528393e-13,0.0,True
clever,2050,DK2 0,nuclear,3.707955453065638e-13,0.0,True
clever,2050,DK2 0,oil,2.0554568437910465e-13,0.0,True
clever,2050,EE6 0,H2 Electrolysis,0.04864174012922253,19.0,True
clever,2050,EE6 0,SMR,2.238582554528941e-09,0.0,True
clever,2050,EE6 0,biomass,0.5957455464473922,238.0,True
clever,2050,EE6 0,coal,2.842944816190584e-13,0.0,True
clever,2050,EE6 0,gas,0.12262134941795783,49.0,True
clever,2050,EE6 0,hydro,5.952764748110941e-12,0.0,True
clever,2050,EE6 0,lignite,3.835347007317974e-13,0.0,True
clever,2050,EE6 0,nuclear,3.7079552486957086e-13,0.0,True
clever,2050,EE6 0,oil,2.177113146454365e-13,0.0,True
clever,2050,ES1 0,H2 Electrolysis,0.10056046389387738,40.0,True
clever,2050,ES1 0,SMR,2.027324294818436e-09,0.0,True
clever,2050,ES1 0,biomass,0.14150810127579055,57.0,True
clever,2050,ES1 0,coal,2.1552470103631669e-13,0.0,True
clever,2050,ES1 0,gas,0.7921206755694129,317.0,True
clever,2050,ES1 0,hydro,127.947339565269,51179.0,True
clever,2050,ES1 0,lignite,1.9176679800856643e-13,0.0,True
clever,2050,ES1 0,nuclear,1.8539730940386167e-13,0.0,True
clever,2050,ES1 0,oil,2.177113468580447e-13,0.0,True
clever,2050,ES1 1,H2 Electrolysis,0.654715938090475,262.0,True
clever,2050,ES1 1,SMR,2.038117085642572e-09,0.0,True
clever,2050,ES1 1,biomass,0.39998465088024776,160.0,True
clever,2050,ES1 1,coal,4.106316599112522e-13,0.0,True
clever,2050,ES1 1,gas,2.6644829069512626,1066.0,True
clever,2050,ES1 1,hydro,100.99141686559128,40397.0,True
clever,2050,ES1 1,lignite,1.9176679796256759e-13,0.0,True
clever,2050,ES1 1,nuclear,3.6959893102237907e-13,0.0,True
clever,2050,ES1 1,oil,2.1771134699851778e-13,0.0,True
clever,2050,ES1 2,H2 Electrolysis,0.21238504374157632,85.0,True
clever,2050,ES1 2,SMR,2.0375457258435833e-09,0.0,True
clever,2050,ES1 2,biomass,0.41170003953005996,165.0,True
clever,2050,ES1 2,coal,3.840843463308297e-13,0.0,True
clever,2050,ES1 2,gas,0.6341315251419744,254.0,True
clever,2050,ES1 2,hydro,351.35261841127397,140541.0,True
clever,2050,ES1 2,lignite,1.9176679708751253e-13,0.0,True
clever,2050,ES1 2,nuclear,2.304169529377672e-13,0.0,True
clever,2050,ES1 2,oil,2.1771134614750905e-13,0.0,True
clever,2050,ES4 0,H2 Electrolysis,0.1911056462255657,76.0,True
clever,2050,ES4 0,SMR,2.0040459894053184e-09,0.0,True
clever,2050,ES4 0,biomass,8.262975099494574e-08,0.0,True
clever,2050,ES4 0,coal,1.4214686862465698e-13,0.0,True
clever,2050,ES4 0,gas,0.3082856057759361,123.0,True
clever,2050,ES4 0,hydro,1.7479375068735089e-09,0.0,True
clever,2050,ES4 0,lignite,1.9176679815586852e-13,0.0,True
clever,2050,ES4 0,nuclear,1.8539731102872048e-13,0.0,True
clever,2050,ES4 0,oil,2.1771134619431218e-13,0.0,True
clever,2050,FI2 0,H2 Electrolysis,0.702649747614968,281.0,True
clever,2050,FI2 0,SMR,2.296852071369076e-09,0.0,True
clever,2050,FI2 0,biomass,12.70461776061775,5082.0,True
clever,2050,FI2 0,coal,1.9540559082968944e-13,0.0,True
clever,2050,FI2 0,gas,5.465938959438887e-14,0.0,True
clever,2050,FI2 0,hydro,266.0460314046974,106418.0,True
clever,2050,FI2 0,lignite,1.9176676695864537e-13,0.0,True
clever,2050,FI2 0,nuclear,3.70794823862935e-13,0.0,True
clever,2050,FI2 0,oil,2.2587434556829252e-14,0.0,True
clever,2050,FR1 0,H2 Electrolysis,0.004590270001793563,2.0,True
clever,2050,FR1 0,SMR,2.2163559494906875e-09,0.0,True
clever,2050,FR1 0,biomass,7.321239895915826e-05,0.0,True
clever,2050,FR1 0,coal,1.4214686382599812e-13,0.0,True
clever,2050,FR1 0,gas,1.371709930352585e-07,0.0,True
clever,2050,FR1 0,hydro,377.59518740563425,151038.0,True
clever,2050,FR1 0,lignite,1.9176680343080853e-13,0.0,True
clever,2050,FR1 0,nuclear,3.287570682389904e-13,0.0,True
clever,2050,FR1 0,oil,1.0885562809835165e-13,0.0,True
clever,2050,FR1 1,H2 Electrolysis,0.13031866692698843,52.0,True
clever,2050,FR1 1,SMR,2.191800732737886e-09,0.0,True
clever,2050,FR1 1,biomass,0.12868470435638663,51.0,True
clever,2050,FR1 1,coal,2.1552613381931467e-13,0.0,True
clever,2050,FR1 1,gas,1.1819716539122362,473.0,True
clever,2050,FR1 1,hydro,4.075474538272371e-06,0.0,True
clever,2050,FR1 1,lignite,1.9176680955948526e-13,0.0,True
clever,2050,FR1 1,nuclear,3.8205749549916303e-13,0.0,True
clever,2050,FR1 1,oil,2.2587439112762392e-14,0.0,True
clever,2050,FR1 2,H2 Electrolysis,0.002010288057211674,1.0,True
clever,2050,FR1 2,SMR,2.15073041724765e-09,0.0,True
clever,2050,FR1 2,biomass,0.5546248523668761,222.0,True
clever,2050,FR1 2,coal,1.4214686540104038e-13,0.0,True
clever,2050,FR1 2,gas,0.02407261906254453,10.0,True
clever,2050,FR1 2,hydro,199.5139002077706,79806.0,True
clever,2050,FR1 2,lignite,1.9176680554145854e-13,0.0,True
clever,2050,FR1 2,nuclear,5.737833955135816e-13,0.0,True
clever,2050,FR1 2,oil,1.0885562926777217e-13,0.0,True
clever,2050,FR1 3,H2 Electrolysis,0.0006826246435618525,0.0,True
clever,2050,FR1 3,SMR,2.074052889790802e-09,0.0,True
clever,2050,FR1 3,biomass,0.945729000056163,378.0,True
clever,2050,FR1 3,coal,1.4214686540686283e-13,0.0,True
clever,2050,FR1 3,gas,1.2319196122884432e-07,0.0,True
clever,2050,FR1 3,hydro,92.81528256436287,37126.0,True
clever,2050,FR1 3,lignite,1.9176680498047188e-13,0.0,True
clever,2050,FR1 3,nuclear,3.7412622169251305e-13,0.0,True
clever,2050,FR1 3,oil,1.0885563051562157e-13,0.0,True
clever,2050,FR1 4,H2 Electrolysis,0.1834697857802938,73.0,True
clever,2050,FR1 4,SMR,2.150198486460949e-09,0.0,True
clever,2050,FR1 4,biomass,0.07556648157573123,30.0,True
clever,2050,FR1 4,coal,4.106339682438485e-13,0.0,True
clever,2050,FR1 4,gas,1.8636394787476425,745.0,True
clever,2050,FR1 4,hydro,204.6085973690857,81843.0,True
clever,2050,FR1 4,lignite,1.917667931581407e-13,0.0,True
clever,2050,FR1 4,nuclear,4.021002490023287e-13,0.0,True
clever,2050,FR1 4,oil,1.088556255852895e-13,0.0,True
clever,2050,FR1 5,H2 Electrolysis,0.0048245103049493875,2.0,True
clever,2050,FR1 5,SMR,2.2495142842744464e-09,0.0,True
clever,2050,FR1 5,biomass,1.1766971395944827,471.0,True
clever,2050,FR1 5,coal,4.1063400766676205e-13,0.0,True
clever,2050,FR1 5,gas,1.8928740207245176,757.0,True
clever,2050,FR1 5,hydro,89.46705439684867,35787.0,True
clever,2050,FR1 5,lignite,1.917668128895706e-13,0.0,True
clever,2050,FR1 5,nuclear,5.131082861018026e-13,0.0,True
clever,2050,FR1 5,oil,1.0885562693951508e-13,0.0,True
clever,2050,FR1 6,H2 Electrolysis,0.9029052873812898,361.0,True
clever,2050,FR1 6,SMR,2.061056145529034e-09,0.0,True
clever,2050,FR1 6,biomass,0.48728634763924794,195.0,True
clever,2050,FR1 6,coal,2.1552611856581834e-13,0.0,True
clever,2050,FR1 6,gas,0.9555163236900932,382.0,True
clever,2050,FR1 6,hydro,4.12174891503272e-06,0.0,True
clever,2050,FR1 6,lignite,1.9176679659715056e-13,0.0,True
clever,2050,FR1 6,nuclear,5.737835736870048e-13,0.0,True
clever,2050,FR1 6,oil,1.3072065320434282e-13,0.0,True
clever,2050,GB0 0,H2 Electrolysis,0.11923529017229305,48.0,True
clever,2050,GB0 0,SMR,2.1108398344254953e-09,0.0,True
clever,2050,GB0 0,biomass,0.8358669235392602,334.0,True
clever,2050,GB0 0,coal,1.421468693688782e-13,0.0,True
clever,2050,GB0 0,gas,2.944127954846549,1178.0,True
clever,2050,GB0 0,hydro,1.7516564268249087e-09,0.0,True
clever,2050,GB0 0,lignite,1.9176680531894322e-13,0.0,True
clever,2050,GB0 0,nuclear,2.304169817898777e-13,0.0,True
clever,2050,GB0 0,oil,4.222914263650966e-13,0.0,True
clever,2050,GB0 1,H2 Electrolysis,0.36152744022271405,145.0,True
clever,2050,GB0 1,SMR,2.0236836618460706e-09,0.0,True
clever,2050,GB0 1,biomass,0.000593051044312628,0.0,True
clever,2050,GB0 1,coal,1.421468581080746e-13,0.0,True
clever,2050,GB0 1,gas,0.060936996727637985,24.0,True
clever,2050,GB0 1,hydro,84.21191003599519,33685.0,True
clever,2050,GB0 1,lignite,1.9176679047764999e-13,0.0,True
clever,2050,GB0 1,nuclear,2.3041707907312677e-13,0.0,True
clever,2050,GB0 1,oil,1.0885562400263602e-13,0.0,True
clever,2050,GB0 2,H2 Electrolysis,0.3148398656006076,126.0,True
clever,2050,GB0 2,SMR,2.0434911126225395e-09,0.0,True
clever,2050,GB0 2,biomass,0.019642058607825304,8.0,True
clever,2050,GB0 2,coal,4.1063398991946706e-13,0.0,True
clever,2050,GB0 2,gas,3.2023931978333273,1281.0,True
clever,2050,GB0 2,hydro,22.230242499055922,8892.0,True
clever,2050,GB0 2,lignite,1.9176680078986792e-13,0.0,True
clever,2050,GB0 2,nuclear,2.304161430280764e-13,0.0,True
clever,2050,GB0 2,oil,1.0885563154240159e-13,0.0,True
clever,2050,GB0 3,H2 Electrolysis,0.46107549522985647,184.0,True
clever,2050,GB0 3,SMR,2.047158071172113e-09,0.0,True
clever,2050,GB0 3,biomass,0.3708131207210535,148.0,True
clever,2050,GB0 3,coal,4.0437359722418485e-13,0.0,True
clever,2050,GB0 3,gas,4.024770235821196,1610.0,True
clever,2050,GB0 3,hydro,1.751722981714254e-09,0.0,True
clever,2050,GB0 3,lignite,1.9176680273591426e-13,0.0,True
clever,2050,GB0 3,nuclear,2.304170197930916e-13,0.0,True
clever,2050,GB0 3,oil,1.0885563177579854e-13,0.0,True
clever,2050,GB5 0,H2 Electrolysis,0.27897261997877704,112.0,True
clever,2050,GB5 0,SMR,2.017288454891715e-09,0.0,True
clever,2050,GB5 0,biomass,1.1817531588635337e-07,0.0,True
clever,2050,GB5 0,coal,1.4214684802416117e-13,0.0,True
clever,2050,GB5 0,gas,0.4374407813027498,175.0,True
clever,2050,GB5 0,hydro,1.751809392300423e-09,0.0,True
clever,2050,GB5 0,lignite,1.9176677734055715e-13,0.0,True
clever,2050,GB5 0,nuclear,1.8539724285566882e-13,0.0,True
clever,2050,GB5 0,oil,1.6273936907105973e-13,0.0,True
clever,2050,GR1 0,H2 Electrolysis,0.13951357534611233,56.0,True
clever,2050,GR1 0,SMR,2.043596611322474e-09,0.0,True
clever,2050,GR1 0,biomass,1.3456325174138224e-13,0.0,True
clever,2050,GR1 0,coal,1.4214686779701305e-13,0.0,True
clever,2050,GR1 0,gas,1.1025010249710898,441.0,True
clever,2050,GR1 0,hydro,148.30148596152662,59321.0,True
clever,2050,GR1 0,lignite,4.0936601827109703e-13,0.0,True
clever,2050,GR1 0,nuclear,3.707955431312319e-13,0.0,True
clever,2050,GR1 0,oil,2.177113437795402e-13,0.0,True
clever,2050,HR1 0,H2 Electrolysis,0.08211870359206595,33.0,True
clever,2050,HR1 0,SMR,2.1854214766868204e-09,0.0,True
clever,2050,HR1 0,biomass,0.47659643715791405,191.0,True
clever,2050,HR1 0,coal,2.1552562089578743e-13,0.0,True
clever,2050,HR1 0,gas,1.188735701092575e-13,0.0,True
clever,2050,HR1 0,hydro,113.61284412163546,45445.0,True
clever,2050,HR1 0,lignite,1.91766794078035e-13,0.0,True
clever,2050,HR1 0,nuclear,3.7079553461281583e-13,0.0,True
clever,2050,HR1 0,oil,2.0554568535301269e-13,0.0,True
clever,2050,HU1 0,H2 Electrolysis,0.14527466914712078,58.0,True
clever,2050,HU1 0,SMR,2.261920097648255e-09,0.0,True
clever,2050,HU1 0,biomass,1.2539999999999936,502.0,True
clever,2050,HU1 0,coal,1.4214687390921897e-13,0.0,True
clever,2050,HU1 0,gas,0.9561450892680727,382.0,True
clever,2050,HU1 0,hydro,3.570213740738365,1428.0,True
clever,2050,HU1 0,lignite,3.889630014650414e-13,0.0,True
clever,2050,HU1 0,nuclear,2.3041706472128747e-13,0.0,True
clever,2050,HU1 0,oil,2.258743993656461e-14,0.0,True
clever,2050,IE5 0,H2 Electrolysis,1.0040653738050993,402.0,True
clever,2050,IE5 0,SMR,2.030242180761492e-09,0.0,True
clever,2050,IE5 0,biomass,0.11914910928947828,48.0,True
clever,2050,IE5 0,coal,2.842944965033281e-13,0.0,True
clever,2050,IE5 0,gas,0.07860571449809874,31.0,True
clever,2050,IE5 0,hydro,14.606039063454215,5842.0,True
clever,2050,IE5 0,lignite,3.8353471888003197e-13,0.0,True
clever,2050,IE5 0,nuclear,3.70795523208281e-13,0.0,True
clever,2050,IE5 0,oil,2.055456756074855e-13,0.0,True
clever,2050,IT1 0,H2 Electrolysis,3.734298186330978e-08,0.0,True
clever,2050,IT1 0,SMR,2.2105496027014017e-09,0.0,True
clever,2050,IT1 0,biomass,0.10180324677297165,41.0,True
clever,2050,IT1 0,coal,1.0968427430472782e-13,0.0,True
clever,2050,IT1 0,gas,0.6545598188923596,262.0,True
clever,2050,IT1 0,hydro,136.76653596513842,54707.0,True
clever,2050,IT1 0,lignite,1.9176679401591536e-13,0.0,True
clever,2050,IT1 0,nuclear,3.7079554286852935e-13,0.0,True
clever,2050,IT1 0,oil,7.06986807053495e-13,0.0,True
clever,2050,IT1 1,H2 Electrolysis,0.011457397677192924,5.0,True
clever,2050,IT1 1,SMR,2.2741020764969397e-09,0.0,True
clever,2050,IT1 1,biomass,7.034261164588569e-08,0.0,True
clever,2050,IT1 1,coal,8.803387390506352e-14,0.0,True
clever,2050,IT1 1,gas,0.6710593504868022,268.0,True
clever,2050,IT1 1,hydro,345.64842502329185,138259.0,True
clever,2050,IT1 1,lignite,1.9176680699440202e-13,0.0,True
clever,2050,IT1 1,nuclear,3.707955693326621e-13,0.0,True
clever,2050,IT1 1,oil,2.2587439443013334e-14,0.0,True
clever,2050,IT1 2,H2 Electrolysis,0.20205203396049365,81.0,True
clever,2050,IT1 2,SMR,2.1280112429048e-09,0.0,True
clever,2050,IT1 2,biomass,0.3946765674494579,158.0,True
clever,2050,IT1 2,coal,8.847914014107314e-14,0.0,True
clever,2050,IT1 2,gas,0.5657292543043813,226.0,True
clever,2050,IT1 2,hydro,77.75685742850798,31103.0,True
clever,2050,IT1 2,lignite,1.9176678202709992e-13,0.0,True
clever,2050,IT1 2,nuclear,3.707955219543767e-13,0.0,True
clever,2050,IT1 2,oil,2.055456727159704e-13,0.0,True
clever,2050,IT1 3,H2 Electrolysis,7.428391745455876e-08,0.0,True
clever,2050,IT1 3,SMR,2.261444436425874e-09,0.0,True
clever,2050,IT1 3,biomass,0.10172876115220511,41.0,True
clever,2050,IT1 3,coal,2.1552613889228983e-13,0.0,True
clever,2050,IT1 3,gas,0.6941239140175898,278.0,True
clever,2050,IT1 3,hydro,395.2684885387885,158107.0,True
clever,2050,IT1 3,lignite,1.9176680749865198e-13,0.0,True
clever,2050,IT1 3,nuclear,3.7079557281724577e-13,0.0,True
clever,2050,IT1 3,oil,1.0885563937161937e-13,0.0,True
clever,2050,IT3 0,H2 Electrolysis,0.41901145537410783,168.0,True
clever,2050,IT3 0,SMR,2.168026281718501e-09,0.0,True
clever,2050,IT3 0,biomass,0.003573170114792732,1.0,True
clever,2050,IT3 0,coal,2.1552610965132e-13,0.0,True
clever,2050,IT3 0,gas,0.012714626404204728,5.0,True
clever,2050,IT3 0,hydro,16.898588797904065,6759.0,True
clever,2050,IT3 0,lignite,1.9176678264569018e-13,0.0,True
clever,2050,IT3 0,nuclear,3.707955275677953e-13,0.0,True
clever,2050,IT3 0,oil,2.3646222622343244e-13,0.0,True
clever,2050,LT6 0,H2 Electrolysis,0.06807770087915052,27.0,True
clever,2050,LT6 0,SMR,2.180231983801344e-09,0.0,True
clever,2050,LT6 0,biomass,0.35744732786843453,143.0,True
clever,2050,LT6 0,coal,2.842945039032076e-13,0.0,True
clever,2050,LT6 0,gas,0.1545422487102167,62.0,True
clever,2050,LT6 0,hydro,7.393115482164523,2957.0,True
clever,2050,LT6 0,lignite,3.835347297239221e-13,0.0,True
clever,2050,LT6 0,nuclear,3.707955517377306e-13,0.0,True
clever,2050,LT6 0,oil,2.1771133496857085e-13,0.0,True
clever,2050,LU1 0,H2 Electrolysis,0.005569583342042422,2.0,True
clever,2050,LU1 0,SMR,2.241174797064492e-09,0.0,True
clever,2050,LU1 0,biomass,0.11914910928947828,48.0,True
clever,2050,LU1 0,coal,2.8429451971231703e-13,0.0,True
clever,2050,LU1 0,gas,3.3355788963643214e-15,0.0,True
clever,2050,LU1 0,hydro,1.8888886636578937,756.0,True
clever,2050,LU1 0,lignite,3.835347544642761e-13,0.0,True
clever,2050,LU1 0,nuclear,3.707955638002973e-13,0.0,True
clever,2050,LU1 0,oil,2.1771135038790887e-13,0.0,True
clever,2050,LV6 0,H2 Electrolysis,0.07430309093667278,30.0,True
clever,2050,LV6 0,SMR,2.1913233332813266e-09,0.0,True
clever,2050,LV6 0,biomass,0.5957455464473922,238.0,True
clever,2050,LV6 0,coal,2.842944963157818e-13,0.0,True
clever,2050,LV6 0,gas,3.45329713187182e-13,0.0,True
clever,2050,LV6 0,hydro,50.99999936310306,20400.0,True
clever,2050,LV6 0,lignite,3.8353471945721164e-13,0.0,True
clever,2050,LV6 0,nuclear,3.7079553973248696e-13,0.0,True
clever,2050,LV6 0,oil,2.177113297894926e-13,0.0,True
clever,2050,NL1 0,H2 Electrolysis,1.404355690445405,562.0,True
clever,2050,NL1 0,SMR,2.150027199023337e-09,0.0,True
clever,2050,NL1 0,biomass,0.595745546447392,238.0,True
clever,2050,NL1 0,coal,1.495708888014174e-13,0.0,True
clever,2050,NL1 0,gas,4.9362430517853495,1974.0,True
clever,2050,NL1 0,hydro,1.8888888873134873,756.0,True
clever,2050,NL1 0,lignite,1.9176680533294036e-13,0.0,True
clever,2050,NL1 0,nuclear,3.7079556275222557e-13,0.0,True
clever,2050,NL1 0,oil,2.1771135336295575e-13,0.0,True
clever,2050,PL1 0,H2 Electrolysis,0.6904317340163506,276.0,True
clever,2050,PL1 0,SMR,2.2062220621594136e-09,0.0,True
clever,2050,PL1 0,biomass,5.528898395722138,2212.0,True
clever,2050,PL1 0,coal,3.576115123362353e-13,0.0,True
clever,2050,PL1 0,gas,5.694297904858064,2278.0,True
clever,2050,PL1 0,hydro,37.160003212848046,14864.0,True
clever,2050,PL1 0,lignite,3.374825508546621e-13,0.0,True
clever,2050,PL1 0,nuclear,3.707955682282759e-13,0.0,True
clever,2050,PL1 0,oil,2.0554569576657998e-13,0.0,True
clever,2050,PT1 0,H2 Electrolysis,0.3130637698493124,125.0,True
clever,2050,PT1 0,SMR,1.990401234994099e-09,0.0,True
clever,2050,PT1 0,biomass,1.9063857486316536,763.0,True
clever,2050,PT1 0,coal,2.7952506141430934e-13,0.0,True
clever,2050,PT1 0,gas,3.471346387009907e-13,0.0,True
clever,2050,PT1 0,hydro,215.92638535557305,86371.0,True
clever,2050,PT1 0,lignite,1.917667971241677e-13,0.0,True
clever,2050,PT1 0,nuclear,3.707955427600625e-13,0.0,True
clever,2050,PT1 0,oil,2.1771134583691967e-13,0.0,True
clever,2050,RO1 0,H2 Electrolysis,0.2851601651919066,114.0,True
clever,2050,RO1 0,SMR,2.1214196127559623e-09,0.0,True
clever,2050,RO1 0,biomass,0.357447327868435,143.0,True
clever,2050,RO1 0,coal,4.599533596500772e-13,0.0,True
clever,2050,RO1 0,gas,1.6923438011259003e-12,0.0,True
clever,2050,RO1 0,hydro,287.81327370669817,115125.0,True
clever,2050,RO1 0,lignite,4.093650500852347e-13,0.0,True
clever,2050,RO1 0,nuclear,2.3041705168569746e-13,0.0,True
clever,2050,RO1 0,oil,2.1771134115535223e-13,0.0,True
clever,2050,SE2 0,H2 Electrolysis,0.6203195628268108,248.0,True
clever,2050,SE2 0,SMR,2.24250034431846e-09,0.0,True
clever,2050,SE2 0,biomass,19.026902654867254,7611.0,True
clever,2050,SE2 0,coal,2.1552610310130195e-13,0.0,True
clever,2050,SE2 0,gas,1.2731758624911356e-13,0.0,True
clever,2050,SE2 0,hydro,1194.3101487197582,477724.0,True
clever,2050,SE2 0,lignite,1.9176677533641505e-13,0.0,True
clever,2050,SE2 0,nuclear,2.3041698410843405e-13,0.0,True
clever,2050,SE2 0,oil,8.751090932395558e-14,0.0,True
clever,2050,SI1 0,H2 Electrolysis,0.03179810195409097,13.0,True
clever,2050,SI1 0,SMR,2.264618900540586e-09,0.0,True
clever,2050,SI1 0,biomass,0.11914910928947839,48.0,True
clever,2050,SI1 0,coal,1.4214687446573035e-13,0.0,True
clever,2050,SI1 0,gas,0.0,0.0,True
clever,2050,SI1 0,hydro,79.72418095061614,31890.0,True
clever,2050,SI1 0,lignite,2.642170977657641e-13,0.0,True
clever,2050,SI1 0,nuclear,2.3041706793725543e-13,0.0,True
clever,2050,SI1 0,oil,2.17711356886884e-13,0.0,True
clever,2050,SK1 0,H2 Electrolysis,0.075249571184233,30.0,True
clever,2050,SK1 0,SMR,2.3019441963416636e-09,0.0,True
clever,2050,SK1 0,biomass,0.47659643715791356,191.0,True
clever,2050,SK1 0,coal,4.10634027021565e-13,0.0,True
clever,2050,SK1 0,gas,0.16351852952892024,65.0,True
clever,2050,SK1 0,hydro,75.9547956178424,30382.0,True
clever,2050,SK1 0,lignite,4.0936606522637463e-13,0.0,True
clever,2050,SK1 0,nuclear,5.73783688972257e-13,0.0,True
clever,2050,SK1 0,oil,2.1771136675486146e-13,0.0,True
