sce_name,target_year,bus,type,water_miom3,oly_pool
pac2_0,2030,AT1 0,H2 Electrolysis,0.052081445170591184,21.0
pac2_0,2030,AT1 0,SMR,6.707751009619037e-05,0.0
pac2_0,2030,AT1 0,biomass,3.5213065097527845,1409.0
pac2_0,2030,AT1 0,coal,0.2862290658640482,114.0
pac2_0,2030,AT1 0,gas,3.581162036766749,1432.0
pac2_0,2030,AT1 0,hydro,870.5867167552316,348235.0
pac2_0,2030,AT1 0,nuclear,5.158235641661239e-10,0.0
pac2_0,2030,AT1 0,oil,0.7010924502111817,280.0
pac2_0,2030,BE1 0,H2 Electrolysis,0.058348235757584514,23.0
pac2_0,2030,BE1 0,SMR,7.584574193805674e-05,0.0
pac2_0,2030,BE1 0,biomass,0.0005939056381740178,0.0
pac2_0,2030,BE1 0,coal,0.0014839371625136328,1.0
pac2_0,2030,BE1 0,gas,4.453194767929385,1781.0
pac2_0,2030,BE1 0,hydro,6.16794053284361,2467.0
pac2_0,2030,BE1 0,lignite,0.03561293846605369,14.0
pac2_0,2030,BE1 0,nuclear,20.848972540528834,8340.0
pac2_0,2030,BE1 0,oil,0.013414648264346789,5.0
pac2_0,2030,BG1 0,H2 Electrolysis,0.01131883732955934,5.0
pac2_0,2030,BG1 0,SMR,5.094526853332634e-05,0.0
pac2_0,2030,BG1 0,biomass,0.407443788245315,163.0
pac2_0,2030,BG1 0,coal,0.0008017925368287041,0.0
pac2_0,2030,BG1 0,gas,0.2515111399085241,101.0
pac2_0,2030,BG1 0,hydro,41.768930453867554,16708.0
pac2_0,2030,BG1 0,lignite,2.3330495308408303,933.0
pac2_0,2030,BG1 0,nuclear,5.578716768380719,2231.0
pac2_0,2030,BG1 0,oil,0.2339898398738814,94.0
pac2_0,2030,CZ1 0,H2 Electrolysis,4.072496348681286e-12,0.0
pac2_0,2030,CZ1 0,SMR,6.586569102760938e-05,0.0
pac2_0,2030,CZ1 0,biomass,9.46900969994698,3788.0
pac2_0,2030,CZ1 0,coal,0.002281290730785027,1.0
pac2_0,2030,CZ1 0,gas,2.9438734439311287,1178.0
pac2_0,2030,CZ1 0,hydro,30.944180430017727,12378.0
pac2_0,2030,CZ1 0,lignite,12.367783287758446,4947.0
pac2_0,2030,CZ1 0,nuclear,80.23794375840451,32095.0
pac2_0,2030,CZ1 0,oil,0.011223931930604869,4.0
pac2_0,2030,DE1 0,H2 Electrolysis,2.040929344651923e-05,0.0
pac2_0,2030,DE1 0,SMR,7.251108218503656e-05,0.0
pac2_0,2030,DE1 0,biomass,4.650135531175462,1860.0
pac2_0,2030,DE1 0,coal,0.0015794729501510537,1.0
pac2_0,2030,DE1 0,gas,15.10570957642283,6042.0
pac2_0,2030,DE1 0,hydro,38.11497394369071,15246.0
pac2_0,2030,DE1 0,nuclear,7.982651086376759e-10,0.0
pac2_0,2030,DE1 0,oil,0.22848391733089313,91.0
pac2_0,2030,DE1 1,H2 Electrolysis,0.14187701875942219,57.0
pac2_0,2030,DE1 1,SMR,6.264595389276821e-05,0.0
pac2_0,2030,DE1 1,biomass,7.428422869384247,2971.0
pac2_0,2030,DE1 1,coal,0.0012562004705072207,1.0
pac2_0,2030,DE1 1,gas,3.9335415144515657,1573.0
pac2_0,2030,DE1 1,hydro,10.481737342288959,4193.0
pac2_0,2030,DE1 1,nuclear,3.210057961466078e-10,0.0
pac2_0,2030,DE1 2,H2 Electrolysis,1.7655435250841736e-05,0.0
pac2_0,2030,DE1 2,SMR,7.015260567008788e-05,0.0
pac2_0,2030,DE1 2,biomass,2.2081754475620667,883.0
pac2_0,2030,DE1 2,gas,15.438654134767894,6175.0
pac2_0,2030,DE1 2,hydro,33.1959470809355,13278.0
pac2_0,2030,DE1 2,lignite,0.40561646705812127,162.0
pac2_0,2030,DE1 3,H2 Electrolysis,0.17329131539467046,69.0
pac2_0,2030,DE1 3,SMR,7.213325930827254e-05,0.0
pac2_0,2030,DE1 3,biomass,5.477669351239138,2191.0
pac2_0,2030,DE1 3,coal,0.0013271160043236815,1.0
pac2_0,2030,DE1 3,gas,46.36168028398842,18545.0
pac2_0,2030,DE1 3,hydro,44.37291634328997,17749.0
pac2_0,2030,DE1 3,lignite,0.009746815676750956,4.0
pac2_0,2030,DE1 3,nuclear,8.003397286249499e-10,0.0
pac2_0,2030,DE1 4,H2 Electrolysis,1.414354584313825e-05,0.0
pac2_0,2030,DE1 4,SMR,7.026793086806279e-05,0.0
pac2_0,2030,DE1 4,biomass,1.086641308514606,435.0
pac2_0,2030,DE1 4,gas,0.4969472590625454,199.0
pac2_0,2030,DE1 4,hydro,48.70564464871899,19482.0
pac2_0,2030,DE1 5,H2 Electrolysis,1.1633554420208028e-05,0.0
pac2_0,2030,DE1 5,SMR,6.885617680634796e-05,0.0
pac2_0,2030,DE1 5,biomass,4.299171727065713,1720.0
pac2_0,2030,DE1 5,coal,0.0019727497010043216,1.0
pac2_0,2030,DE1 5,gas,11.411822477881962,4565.0
pac2_0,2030,DE1 5,hydro,213.67761912759946,85471.0
pac2_0,2030,DE1 5,nuclear,7.997602499467728e-10,0.0
pac2_0,2030,DE1 5,oil,1.0881397715579493,435.0
pac2_0,2030,DE1 6,H2 Electrolysis,1.7684543165092475e-05,0.0
pac2_0,2030,DE1 6,SMR,6.964504867144097e-05,0.0
pac2_0,2030,DE1 6,biomass,2.5720626847122836,1029.0
pac2_0,2030,DE1 6,coal,0.0030164221039148337,1.0
pac2_0,2030,DE1 6,gas,7.3585788488552675,2943.0
pac2_0,2030,DE1 6,hydro,6.303871592837814,2522.0
pac2_0,2030,DE1 6,lignite,86.24490660984819,34498.0
pac2_0,2030,DE1 6,oil,2.724253909056907,1090.0
pac2_0,2030,DK1 0,H2 Electrolysis,0.013482859755983727,5.0
pac2_0,2030,DK1 0,SMR,5.1481996525150116e-05,0.0
pac2_0,2030,DK1 0,biomass,1.2379460742758954,495.0
pac2_0,2030,DK1 0,coal,1.1128739094944433,445.0
pac2_0,2030,DK1 0,gas,0.00606163813515676,2.0
pac2_0,2030,DK1 0,hydro,0.06559942413991424,26.0
pac2_0,2030,DK1 0,nuclear,5.109104185199835e-10,0.0
pac2_0,2030,DK2 0,H2 Electrolysis,5.46537039972987e-05,0.0
pac2_0,2030,DK2 0,SMR,5.4239186126146986e-05,0.0
pac2_0,2030,DK2 0,biomass,0.1487454675002737,59.0
pac2_0,2030,DK2 0,gas,0.12476959881317193,50.0
pac2_0,2030,DK2 0,hydro,0.1466874432611511,59.0
pac2_0,2030,DK2 0,nuclear,5.131027862778756e-10,0.0
pac2_0,2030,DK2 0,oil,0.0648779552382386,26.0
pac2_0,2030,EE6 0,H2 Electrolysis,0.00127152608360538,1.0
pac2_0,2030,EE6 0,SMR,5.52811043312227e-05,0.0
pac2_0,2030,EE6 0,biomass,0.045753584025390544,18.0
pac2_0,2030,EE6 0,coal,0.001987955967532294,1.0
pac2_0,2030,EE6 0,gas,0.087551014855713,35.0
pac2_0,2030,EE6 0,hydro,2.2951573983930444,918.0
pac2_0,2030,EE6 0,lignite,0.3061135894400301,122.0
pac2_0,2030,EE6 0,nuclear,5.158585930714845e-10,0.0
pac2_0,2030,EE6 0,oil,0.0012235553193068042,0.0
pac2_0,2030,ES1 0,H2 Electrolysis,1.643033030290241e-05,0.0
pac2_0,2030,ES1 0,SMR,6.129888760603618e-05,0.0
pac2_0,2030,ES1 0,biomass,0.4402598533973407,176.0
pac2_0,2030,ES1 0,coal,0.03355287766770216,13.0
pac2_0,2030,ES1 0,gas,2.818089862692826,1127.0
pac2_0,2030,ES1 0,hydro,110.36415131807902,44146.0
pac2_0,2030,ES1 0,oil,0.4398081975838281,176.0
pac2_0,2030,ES1 1,H2 Electrolysis,1.319424803424089e-05,0.0
pac2_0,2030,ES1 1,SMR,4.5145830373225755e-05,0.0
pac2_0,2030,ES1 1,biomass,0.9283297065636819,371.0
pac2_0,2030,ES1 1,coal,0.06438762073816491,26.0
pac2_0,2030,ES1 1,gas,2.9076798391277707,1163.0
pac2_0,2030,ES1 1,hydro,69.57541146865046,27830.0
pac2_0,2030,ES1 1,nuclear,1.9062944467053717,763.0
pac2_0,2030,ES1 1,oil,0.49116321824572057,196.0
pac2_0,2030,ES1 2,H2 Electrolysis,1.7249546176663887e-05,0.0
pac2_0,2030,ES1 2,SMR,6.44232728812672e-05,0.0
pac2_0,2030,ES1 2,biomass,0.9300387161068875,372.0
pac2_0,2030,ES1 2,coal,0.06032977146218933,24.0
pac2_0,2030,ES1 2,gas,1.1437354876365013,457.0
pac2_0,2030,ES1 2,hydro,328.1788152492861,131272.0
pac2_0,2030,ES1 2,nuclear,6.635737052174837,2654.0
pac2_0,2030,ES1 2,oil,0.38471463377366544,154.0
pac2_0,2030,ES4 0,H2 Electrolysis,0.11533375086215016,46.0
pac2_0,2030,ES4 0,SMR,3.504987415891167e-05,0.0
pac2_0,2030,ES4 0,biomass,0.0016240602112208766,1.0
pac2_0,2030,ES4 0,gas,0.008010770599871464,3.0
pac2_0,2030,ES4 0,hydro,2.8205812675523367e-06,0.0
pac2_0,2030,ES4 0,oil,0.20083767242826298,80.0
pac2_0,2030,FI2 0,H2 Electrolysis,0.03253443310665548,13.0
pac2_0,2030,FI2 0,SMR,7.390658375400718e-05,0.0
pac2_0,2030,FI2 0,biomass,1.6216888064818102,649.0
pac2_0,2030,FI2 0,coal,2.016559121443736,807.0
pac2_0,2030,FI2 0,gas,0.1575142673794667,63.0
pac2_0,2030,FI2 0,hydro,303.155367969118,121262.0
pac2_0,2030,FI2 0,nuclear,19.479115249371635,7792.0
pac2_0,2030,FI2 0,oil,0.004919163397326783,2.0
pac2_0,2030,FR1 0,H2 Electrolysis,1.4867335108406522e-05,0.0
pac2_0,2030,FR1 0,SMR,7.120775815671674e-05,0.0
pac2_0,2030,FR1 0,biomass,0.4989138888555217,200.0
pac2_0,2030,FR1 0,gas,0.0003008111945377481,0.0
pac2_0,2030,FR1 0,hydro,412.4044265774922,164962.0
pac2_0,2030,FR1 0,nuclear,108.48778556995114,43395.0
pac2_0,2030,FR1 1,H2 Electrolysis,0.09951031286545581,40.0
pac2_0,2030,FR1 1,SMR,6.903169573372848e-05,0.0
pac2_0,2030,FR1 1,biomass,0.9095875652660179,364.0
pac2_0,2030,FR1 1,coal,0.15421175472866763,62.0
pac2_0,2030,FR1 1,gas,0.8510185238300906,340.0
pac2_0,2030,FR1 1,hydro,2.4090166338208107e-06,0.0
pac2_0,2030,FR1 1,nuclear,0.0016584229003619385,1.0
pac2_0,2030,FR1 1,oil,0.041618041201591106,17.0
pac2_0,2030,FR1 2,H2 Electrolysis,2.4208094764880966e-05,0.0
pac2_0,2030,FR1 2,SMR,7.104177727328133e-05,0.0
pac2_0,2030,FR1 2,biomass,0.30136259463542825,121.0
pac2_0,2030,FR1 2,gas,0.008372780372929765,3.0
pac2_0,2030,FR1 2,hydro,197.23442567372246,78894.0
pac2_0,2030,FR1 2,nuclear,0.007708144084568491,3.0
pac2_0,2030,FR1 3,H2 Electrolysis,1.759560301589187e-05,0.0
pac2_0,2030,FR1 3,SMR,6.750371880227078e-05,0.0
pac2_0,2030,FR1 3,biomass,0.4150819990044183,166.0
pac2_0,2030,FR1 3,gas,0.00044329599017644725,0.0
pac2_0,2030,FR1 3,hydro,90.87561925175949,36350.0
pac2_0,2030,FR1 3,nuclear,82.57101570301641,33028.0
pac2_0,2030,FR1 4,H2 Electrolysis,1.6645713940464108e-05,0.0
pac2_0,2030,FR1 4,SMR,7.225189803507071e-05,0.0
pac2_0,2030,FR1 4,biomass,0.916583469757529,367.0
pac2_0,2030,FR1 4,coal,0.0007311214173503352,0.0
pac2_0,2030,FR1 4,gas,0.6544018192093939,262.0
pac2_0,2030,FR1 4,hydro,220.07562956558078,88030.0
pac2_0,2030,FR1 4,nuclear,0.07590017394509072,30.0
pac2_0,2030,FR1 5,H2 Electrolysis,1.6273607710041498e-05,0.0
pac2_0,2030,FR1 5,SMR,7.383434246266256e-05,0.0
pac2_0,2030,FR1 5,biomass,0.7217199100355076,289.0
pac2_0,2030,FR1 5,coal,0.16817614659463756,67.0
pac2_0,2030,FR1 5,gas,0.7479721863429228,299.0
pac2_0,2030,FR1 5,hydro,80.64289615751183,32257.0
pac2_0,2030,FR1 5,nuclear,301.04268411120734,120417.0
pac2_0,2030,FR1 6,H2 Electrolysis,0.056440886404564815,23.0
pac2_0,2030,FR1 6,SMR,5.2266028022002576e-05,0.0
pac2_0,2030,FR1 6,biomass,0.5148985107990834,206.0
pac2_0,2030,FR1 6,coal,0.000819121394431034,0.0
pac2_0,2030,FR1 6,gas,0.29947306489429154,120.0
pac2_0,2030,FR1 6,hydro,2.3732596540367885e-06,0.0
pac2_0,2030,FR1 6,nuclear,0.002256081016385489,1.0
pac2_0,2030,FR1 6,oil,0.0009686375251854155,0.0
pac2_0,2030,GB0 0,H2 Electrolysis,5.367534697475955e-05,0.0
pac2_0,2030,GB0 0,SMR,7.384790604570893e-05,0.0
pac2_0,2030,GB0 0,biomass,2.5470483651196307,1019.0
pac2_0,2030,GB0 0,gas,1.2210887388746454,488.0
pac2_0,2030,GB0 0,hydro,25636.146150590397,10254458.0
pac2_0,2030,GB0 0,nuclear,0.0002003242736430772,0.0
pac2_0,2030,GB0 0,oil,0.0007535090086543306,0.0
pac2_0,2030,GB0 1,H2 Electrolysis,0.08418053440925831,34.0
pac2_0,2030,GB0 1,SMR,6.78042217613422e-05,0.0
pac2_0,2030,GB0 1,biomass,0.09772587794744236,39.0
pac2_0,2030,GB0 1,gas,0.02303705136940147,9.0
pac2_0,2030,GB0 1,hydro,70.3601440962246,28144.0
pac2_0,2030,GB0 1,nuclear,0.00018995438243873692,0.0
pac2_0,2030,GB0 2,H2 Electrolysis,4.3595770600038145e-05,0.0
pac2_0,2030,GB0 2,SMR,7.055769524246293e-05,0.0
pac2_0,2030,GB0 2,biomass,1.4065900254922874,563.0
pac2_0,2030,GB0 2,coal,0.0002242392962464156,0.0
pac2_0,2030,GB0 2,gas,0.7063704608377231,283.0
pac2_0,2030,GB0 2,hydro,521.7880543868562,208715.0
pac2_0,2030,GB0 2,nuclear,0.00019856336111621854,0.0
pac2_0,2030,GB0 3,H2 Electrolysis,4.30055573616765e-05,0.0
pac2_0,2030,GB0 3,SMR,6.993593248584298e-05,0.0
pac2_0,2030,GB0 3,biomass,2.765165079584379,1106.0
pac2_0,2030,GB0 3,coal,0.00022098875959549504,0.0
pac2_0,2030,GB0 3,gas,1.415470647318769,566.0
pac2_0,2030,GB0 3,hydro,3349.8531484118234,1339941.0
pac2_0,2030,GB0 3,nuclear,0.00019967204613096322,0.0
pac2_0,2030,GB5 0,H2 Electrolysis,0.06641573650911745,27.0
pac2_0,2030,GB5 0,SMR,6.72281578406134e-05,0.0
pac2_0,2030,GB5 0,biomass,0.09341342392961687,37.0
pac2_0,2030,GB5 0,gas,0.032274543843716974,13.0
pac2_0,2030,GB5 0,hydro,0.07665670696080717,31.0
pac2_0,2030,GB5 0,oil,0.00020656760320577534,0.0
pac2_0,2030,GR1 0,H2 Electrolysis,0.013860332726524828,6.0
pac2_0,2030,GR1 0,SMR,3.943398641111289e-05,0.0
pac2_0,2030,GR1 0,biomass,0.0009542687926104774,0.0
pac2_0,2030,GR1 0,gas,0.3617123082359028,145.0
pac2_0,2030,GR1 0,hydro,62.209633479010876,24884.0
pac2_0,2030,GR1 0,lignite,0.009770464743469424,4.0
pac2_0,2030,GR1 0,nuclear,5.15946275676861e-10,0.0
pac2_0,2030,GR1 0,oil,3.062886314411607e-10,0.0
pac2_0,2030,HR1 0,H2 Electrolysis,0.020008434690433712,8.0
pac2_0,2030,HR1 0,SMR,4.66422977005628e-05,0.0
pac2_0,2030,HR1 0,biomass,0.19679414994241598,79.0
pac2_0,2030,HR1 0,coal,3.0085619920505153e-10,0.0
pac2_0,2030,HR1 0,gas,0.19041414799788278,76.0
pac2_0,2030,HR1 0,hydro,110.10964540578009,44044.0
pac2_0,2030,HR1 0,nuclear,5.158561207749305e-10,0.0
pac2_0,2030,HR1 0,oil,0.08762450819782017,35.0
pac2_0,2030,HU1 0,H2 Electrolysis,0.01057330133062172,4.0
pac2_0,2030,HU1 0,SMR,6.395516572947681e-05,0.0
pac2_0,2030,HU1 0,biomass,1.3609292198966845,544.0
pac2_0,2030,HU1 0,gas,2.953770438241194,1182.0
pac2_0,2030,HU1 0,hydro,4.211091172931752,1684.0
pac2_0,2030,HU1 0,lignite,0.20908689028209565,84.0
pac2_0,2030,HU1 0,nuclear,14.985947770713826,5994.0
pac2_0,2030,HU1 0,oil,0.0032134349883700397,1.0
pac2_0,2030,IE5 0,H2 Electrolysis,0.012582416377130725,5.0
pac2_0,2030,IE5 0,SMR,6.908009572210371e-05,0.0
pac2_0,2030,IE5 0,biomass,0.19414610200566396,78.0
pac2_0,2030,IE5 0,coal,0.0005778082105421518,0.0
pac2_0,2030,IE5 0,gas,0.31193546420091567,125.0
pac2_0,2030,IE5 0,hydro,15.280062562555418,6112.0
pac2_0,2030,IE5 0,lignite,0.03195120801870821,13.0
pac2_0,2030,IE5 0,nuclear,5.073696117454451e-10,0.0
pac2_0,2030,IE5 0,oil,0.7607507403938744,304.0
pac2_0,2030,IT1 0,H2 Electrolysis,9.059241821099114e-06,0.0
pac2_0,2030,IT1 0,SMR,5.812497996618147e-05,0.0
pac2_0,2030,IT1 0,biomass,0.00020671406132396144,0.0
pac2_0,2030,IT1 0,coal,0.00018211234320741473,0.0
pac2_0,2030,IT1 0,gas,8.41262399030979,3365.0
pac2_0,2030,IT1 0,hydro,120.40484738190774,48162.0
pac2_0,2030,IT1 0,nuclear,5.160577724372166e-10,0.0
pac2_0,2030,IT1 0,oil,0.1427027818067728,57.0
pac2_0,2030,IT1 1,H2 Electrolysis,2.392343542515974e-05,0.0
pac2_0,2030,IT1 1,SMR,6.903574159027255e-05,0.0
pac2_0,2030,IT1 1,biomass,0.0008080335570717916,0.0
pac2_0,2030,IT1 1,coal,0.0472724506000233,19.0
pac2_0,2030,IT1 1,gas,2.5290562099009257,1012.0
pac2_0,2030,IT1 1,hydro,362.8332858338511,145133.0
pac2_0,2030,IT1 1,nuclear,5.136509756362404e-10,0.0
pac2_0,2030,IT1 1,oil,1.025854289867385,410.0
pac2_0,2030,IT1 2,H2 Electrolysis,1.1910908317547156e-05,0.0
pac2_0,2030,IT1 2,SMR,6.280267118948179e-05,0.0
pac2_0,2030,IT1 2,biomass,0.5469449114453071,219.0
pac2_0,2030,IT1 2,coal,0.00014354271424314564,0.0
pac2_0,2030,IT1 2,gas,9.116118836490148,3646.0
pac2_0,2030,IT1 2,hydro,71.99996420057838,28800.0
pac2_0,2030,IT1 2,nuclear,5.161526081535845e-10,0.0
pac2_0,2030,IT1 2,oil,0.03221197332335495,13.0
pac2_0,2030,IT1 3,H2 Electrolysis,9.165641721069486e-06,0.0
pac2_0,2030,IT1 3,SMR,6.777111630728878e-05,0.0
pac2_0,2030,IT1 3,biomass,0.2204993902099689,88.0
pac2_0,2030,IT1 3,coal,0.002201171748750905,1.0
pac2_0,2030,IT1 3,gas,4.2686808037553625,1707.0
pac2_0,2030,IT1 3,hydro,387.90228364722304,155161.0
pac2_0,2030,IT1 3,nuclear,5.16551221820141e-10,0.0
pac2_0,2030,IT3 0,H2 Electrolysis,0.04959335929927092,20.0
pac2_0,2030,IT3 0,SMR,4.411956929082111e-05,0.0
pac2_0,2030,IT3 0,biomass,2.7968111835553927e-05,0.0
pac2_0,2030,IT3 0,coal,0.00031619073837848216,0.0
pac2_0,2030,IT3 0,gas,1.0028292566983514,401.0
pac2_0,2030,IT3 0,hydro,22.476499349525394,8991.0
pac2_0,2030,IT3 0,nuclear,5.16188202293869e-10,0.0
pac2_0,2030,IT3 0,oil,0.018295575060225878,7.0
pac2_0,2030,LT6 0,H2 Electrolysis,0.021375609102527768,9.0
pac2_0,2030,LT6 0,SMR,5.705661974033455e-05,0.0
pac2_0,2030,LT6 0,biomass,0.6384121281645978,255.0
pac2_0,2030,LT6 0,coal,3.9358057016837096e-10,0.0
pac2_0,2030,LT6 0,gas,1.6237562297312087,650.0
pac2_0,2030,LT6 0,hydro,22.48070969812752,8992.0
pac2_0,2030,LT6 0,lignite,5.337519978982561e-10,0.0
pac2_0,2030,LT6 0,nuclear,5.195955858757389e-10,0.0
pac2_0,2030,LT6 0,oil,0.04454069025827894,18.0
pac2_0,2030,LU1 0,H2 Electrolysis,0.0019125791741696986,1.0
pac2_0,2030,LU1 0,SMR,7.038593904325736e-05,0.0
pac2_0,2030,LU1 0,biomass,0.05048469118534054,20.0
pac2_0,2030,LU1 0,coal,3.935046945809135e-10,0.0
pac2_0,2030,LU1 0,gas,0.00812805222725397,3.0
pac2_0,2030,LU1 0,hydro,1.7580978926167496,703.0
pac2_0,2030,LU1 0,lignite,5.33685162622642e-10,0.0
pac2_0,2030,LU1 0,nuclear,5.117092332760002e-10,0.0
pac2_0,2030,LU1 0,oil,0.0016083710563340253,1.0
pac2_0,2030,LV6 0,H2 Electrolysis,0.0010764402883679624,0.0
pac2_0,2030,LV6 0,SMR,5.1008795682970965e-05,0.0
pac2_0,2030,LV6 0,biomass,0.22501921404580563,90.0
pac2_0,2030,LV6 0,coal,0.0016921213683941485,1.0
pac2_0,2030,LV6 0,gas,0.980047546648161,392.0
pac2_0,2030,LV6 0,hydro,34.12698734974671,13651.0
pac2_0,2030,LV6 0,lignite,0.0047097208368025,2.0
pac2_0,2030,LV6 0,nuclear,5.15954372701592e-10,0.0
pac2_0,2030,LV6 0,oil,3.067035841474471e-10,0.0
pac2_0,2030,NL1 0,H2 Electrolysis,0.1251971863314975,50.0
pac2_0,2030,NL1 0,SMR,7.424759212863674e-05,0.0
pac2_0,2030,NL1 0,biomass,0.0003408145142285407,0.0
pac2_0,2030,NL1 0,coal,3.2554494996732757,1302.0
pac2_0,2030,NL1 0,gas,6.811394846820855,2725.0
pac2_0,2030,NL1 0,hydro,1.7628303080041956,705.0
pac2_0,2030,NL1 0,nuclear,5.150426407040071e-10,0.0
pac2_0,2030,NL1 0,oil,0.043505232648846114,17.0
pac2_0,2030,PL1 0,H2 Electrolysis,0.1261464697546823,50.0
pac2_0,2030,PL1 0,SMR,6.742756795387011e-05,0.0
pac2_0,2030,PL1 0,biomass,13.13319085970376,5253.0
pac2_0,2030,PL1 0,coal,0.0046068800419995885,2.0
pac2_0,2030,PL1 0,gas,6.341809949019963,2537.0
pac2_0,2030,PL1 0,hydro,70.98146737811186,28393.0
pac2_0,2030,PL1 0,lignite,54.85326820802915,21941.0
pac2_0,2030,PL1 0,nuclear,5.151382023235318e-10,0.0
pac2_0,2030,PL1 0,oil,0.18479104160661924,74.0
pac2_0,2030,PT1 0,H2 Electrolysis,0.015469679373985381,6.0
pac2_0,2030,PT1 0,SMR,5.2206726736170484e-05,0.0
pac2_0,2030,PT1 0,biomass,0.46771930159565556,187.0
pac2_0,2030,PT1 0,coal,3.9012420877623e-10,0.0
pac2_0,2030,PT1 0,gas,4.590947779816346,1836.0
pac2_0,2030,PT1 0,hydro,149.80257115000936,59921.0
pac2_0,2030,PT1 0,nuclear,5.156788691694907e-10,0.0
pac2_0,2030,PT1 0,oil,0.07757198496103881,31.0
pac2_0,2030,RO1 0,H2 Electrolysis,0.07194991529058872,29.0
pac2_0,2030,RO1 0,SMR,4.054320609863013e-05,0.0
pac2_0,2030,RO1 0,biomass,2.789540551478087,1116.0
pac2_0,2030,RO1 0,coal,0.0015282289798588529,1.0
pac2_0,2030,RO1 0,gas,3.899679340992471,1560.0
pac2_0,2030,RO1 0,hydro,228.18467010557765,91274.0
pac2_0,2030,RO1 0,lignite,2.766315942708358,1107.0
pac2_0,2030,RO1 0,nuclear,3.230985196957746e-10,0.0
pac2_0,2030,RO1 0,oil,0.14454278524169226,58.0
pac2_0,2030,SE2 0,H2 Electrolysis,0.031641863683621756,13.0
pac2_0,2030,SE2 0,SMR,7.271164232477989e-05,0.0
pac2_0,2030,SE2 0,biomass,17.424817438551816,6970.0
pac2_0,2030,SE2 0,coal,0.3847538264419996,154.0
pac2_0,2030,SE2 0,gas,0.18476790354417916,74.0
pac2_0,2030,SE2 0,hydro,1314.0376522070749,525615.0
pac2_0,2030,SE2 0,nuclear,36.86641775832046,14747.0
pac2_0,2030,SE2 0,oil,0.032705579352950806,13.0
pac2_0,2030,SI1 0,H2 Electrolysis,0.004019560904569995,2.0
pac2_0,2030,SI1 0,SMR,6.0403018630838955e-05,0.0
pac2_0,2030,SI1 0,biomass,0.144558631595274,58.0
pac2_0,2030,SI1 0,gas,0.0,0.0
pac2_0,2030,SI1 0,hydro,67.74974242528268,27100.0
pac2_0,2030,SI1 0,lignite,2.56825757671238,1027.0
pac2_0,2030,SI1 0,nuclear,4.484999932019183,1794.0
pac2_0,2030,SI1 0,oil,0.0006358895870075457,0.0
pac2_0,2030,SK1 0,H2 Electrolysis,0.044859034310988186,18.0
pac2_0,2030,SK1 0,SMR,6.548448961298176e-05,0.0
pac2_0,2030,SK1 0,biomass,0.5402123345325197,216.0
pac2_0,2030,SK1 0,coal,0.0020753416783891683,1.0
pac2_0,2030,SK1 0,gas,0.2952901605707938,118.0
pac2_0,2030,SK1 0,hydro,105.28290118392309,42113.0
pac2_0,2030,SK1 0,lignite,2.1154857257285884,846.0
pac2_0,2030,SK1 0,nuclear,24.226478480473055,9691.0
pac2_0,2030,SK1 0,oil,0.23162726528578742,93.0
pac2_0,2040,AT1 0,H2 Electrolysis,0.13246060379669833,53.0
pac2_0,2040,AT1 0,SMR,1.0008136208182984e-05,0.0
pac2_0,2040,AT1 0,biomass,2.072809514432771,829.0
pac2_0,2040,AT1 0,coal,4.6098069463198387e-10,0.0
pac2_0,2040,AT1 0,gas,0.8306683213741929,332.0
pac2_0,2040,AT1 0,hydro,1054.8049189146102,421922.0
pac2_0,2040,AT1 0,lignite,4.108690438309832e-10,0.0
pac2_0,2040,AT1 0,nuclear,9.158879868700129e-10,0.0
pac2_0,2040,AT1 0,oil,1.6424530322107931e-09,0.0
pac2_0,2040,BE1 0,H2 Electrolysis,0.2079296418274794,83.0
pac2_0,2040,BE1 0,SMR,9.576584997246194e-06,0.0
pac2_0,2040,BE1 0,biomass,0.0009008085187868539,0.0
pac2_0,2040,BE1 0,coal,0.001401014129478744,1.0
pac2_0,2040,BE1 0,gas,0.42157487683057304,169.0
pac2_0,2040,BE1 0,hydro,6.618678844157797,2647.0
pac2_0,2040,BE1 0,lignite,0.007509342703941856,3.0
pac2_0,2040,BE1 0,nuclear,8.072628214434521e-10,0.0
pac2_0,2040,BE1 0,oil,0.003353662882944607,1.0
pac2_0,2040,BG1 0,H2 Electrolysis,0.030571510608151647,12.0
pac2_0,2040,BG1 0,SMR,9.128910423521706e-06,0.0
pac2_0,2040,BG1 0,biomass,0.16258934691818097,65.0
pac2_0,2040,BG1 0,coal,0.4597259511593459,184.0
pac2_0,2040,BG1 0,gas,0.12357181344957677,49.0
pac2_0,2040,BG1 0,hydro,44.3279093953832,17731.0
pac2_0,2040,BG1 0,lignite,0.3568359792920009,143.0
pac2_0,2040,BG1 0,nuclear,5.334664468552401e-10,0.0
pac2_0,2040,BG1 0,oil,0.1169949202618967,47.0
pac2_0,2040,CZ1 0,H2 Electrolysis,4.046965610960662e-12,0.0
pac2_0,2040,CZ1 0,SMR,1.015257819572391e-05,0.0
pac2_0,2040,CZ1 0,biomass,1.3155214068722934,526.0
pac2_0,2040,CZ1 0,coal,0.006997299710404124,3.0
pac2_0,2040,CZ1 0,gas,1.1992155255168842,480.0
pac2_0,2040,CZ1 0,hydro,31.03732603942542,12415.0
pac2_0,2040,CZ1 0,lignite,1.27660260177043,511.0
pac2_0,2040,CZ1 0,nuclear,44.36562176431347,17746.0
pac2_0,2040,CZ1 0,oil,0.002805983870726404,1.0
pac2_0,2040,DE1 0,H2 Electrolysis,5.43123617347903e-06,0.0
pac2_0,2040,DE1 0,SMR,9.969283860238384e-06,0.0
pac2_0,2040,DE1 0,biomass,1.4861894774884687,594.0
pac2_0,2040,DE1 0,coal,5.757171369922679e-10,0.0
pac2_0,2040,DE1 0,gas,10.699531606469936,4280.0
pac2_0,2040,DE1 0,hydro,36.95872395770746,14783.0
pac2_0,2040,DE1 0,lignite,4.0963975315176205e-10,0.0
pac2_0,2040,DE1 0,nuclear,1.3213353524961642e-09,0.0
pac2_0,2040,DE1 0,oil,2.0501059198778315e-06,0.0
pac2_0,2040,DE1 1,H2 Electrolysis,0.5381295060160564,215.0
pac2_0,2040,DE1 1,SMR,9.538078481619796e-06,0.0
pac2_0,2040,DE1 1,biomass,4.026984937819201,1611.0
pac2_0,2040,DE1 1,coal,5.957538151851556e-10,0.0
pac2_0,2040,DE1 1,gas,1.4408659011887486,576.0
pac2_0,2040,DE1 1,hydro,10.498883874346864,4200.0
pac2_0,2040,DE1 1,lignite,4.0978978444364743e-10,0.0
pac2_0,2040,DE1 1,nuclear,5.304719499530143e-10,0.0
pac2_0,2040,DE1 1,oil,2.900006192780134e-07,0.0
pac2_0,2040,DE1 2,H2 Electrolysis,0.00045499304284592196,0.0
pac2_0,2040,DE1 2,SMR,9.80755826937614e-06,0.0
pac2_0,2040,DE1 2,biomass,1.1703708313990522,468.0
pac2_0,2040,DE1 2,coal,3.067029480948465e-10,0.0
pac2_0,2040,DE1 2,gas,3.849759358732776,1540.0
pac2_0,2040,DE1 2,hydro,36.63115103750193,14652.0
pac2_0,2040,DE1 2,lignite,8.327727203538359e-10,0.0
pac2_0,2040,DE1 2,nuclear,4.425829473167618e-10,0.0
pac2_0,2040,DE1 2,oil,4.2295058172343697e-07,0.0
pac2_0,2040,DE1 3,H2 Electrolysis,0.384837472398482,154.0
pac2_0,2040,DE1 3,SMR,9.934503706269024e-06,0.0
pac2_0,2040,DE1 3,biomass,2.092012229330951,837.0
pac2_0,2040,DE1 3,coal,6.711559222760143e-10,0.0
pac2_0,2040,DE1 3,gas,17.399733123715976,6960.0
pac2_0,2040,DE1 3,hydro,46.95219542545639,18781.0
pac2_0,2040,DE1 3,lignite,6.720572356304766e-10,0.0
pac2_0,2040,DE1 3,nuclear,1.3198355895128749e-09,0.0
pac2_0,2040,DE1 3,oil,2.0621594924231336e-07,0.0
pac2_0,2040,DE1 4,H2 Electrolysis,2.6092667051481172e-06,0.0
pac2_0,2040,DE1 4,SMR,9.983645434066925e-06,0.0
pac2_0,2040,DE1 4,biomass,0.6048357449324211,242.0
pac2_0,2040,DE1 4,coal,3.0682953482410285e-10,0.0
pac2_0,2040,DE1 4,gas,0.3931026165892265,157.0
pac2_0,2040,DE1 4,hydro,42.70891507387995,17084.0
pac2_0,2040,DE1 4,lignite,4.089222626764967e-10,0.0
pac2_0,2040,DE1 4,nuclear,4.4194567459285366e-10,0.0
pac2_0,2040,DE1 4,oil,2.472055392882056e-07,0.0
pac2_0,2040,DE1 5,H2 Electrolysis,3.391040336588692e-06,0.0
pac2_0,2040,DE1 5,SMR,1.021682921175166e-05,0.0
pac2_0,2040,DE1 5,biomass,1.9421137541718012,777.0
pac2_0,2040,DE1 5,coal,5.768993477951212e-10,0.0
pac2_0,2040,DE1 5,gas,3.0760623071585815,1230.0
pac2_0,2040,DE1 5,hydro,213.76453866974006,85506.0
pac2_0,2040,DE1 5,lignite,4.083201078082613e-10,0.0
pac2_0,2040,DE1 5,nuclear,1.3228509718826904e-09,0.0
pac2_0,2040,DE1 5,oil,0.004634461700504695,2.0
pac2_0,2040,DE1 6,H2 Electrolysis,0.06293461691334969,25.0
pac2_0,2040,DE1 6,SMR,9.69658122659014e-06,0.0
pac2_0,2040,DE1 6,biomass,1.614889041600209,646.0
pac2_0,2040,DE1 6,coal,6.579962726331792e-10,0.0
pac2_0,2040,DE1 6,gas,1.652757001658559,661.0
pac2_0,2040,DE1 6,hydro,6.31648183238031,2527.0
pac2_0,2040,DE1 6,lignite,8.758058138763909e-10,0.0
pac2_0,2040,DE1 6,nuclear,4.4206087510187406e-10,0.0
pac2_0,2040,DE1 6,oil,5.0065849344566394e-05,0.0
pac2_0,2040,DK1 0,H2 Electrolysis,0.07599216743236464,30.0
pac2_0,2040,DK1 0,SMR,1.0151866882089607e-05,0.0
pac2_0,2040,DK1 0,biomass,0.5814904917948535,233.0
pac2_0,2040,DK1 0,coal,1.8919710275453115e-10,0.0
pac2_0,2040,DK1 0,gas,1.415560191179167e-06,0.0
pac2_0,2040,DK1 0,hydro,0.047641404669258314,19.0
pac2_0,2040,DK1 0,lignite,4.096582896339845e-10,0.0
pac2_0,2040,DK1 0,nuclear,9.161042464570447e-10,0.0
pac2_0,2040,DK1 0,oil,2.9564753135822526e-10,0.0
pac2_0,2040,DK2 0,H2 Electrolysis,0.04200376718286936,17.0
pac2_0,2040,DK2 0,SMR,1.0229459680629207e-05,0.0
pac2_0,2040,DK2 0,biomass,0.0730202536138573,29.0
pac2_0,2040,DK2 0,coal,3.0816822589308073e-10,0.0
pac2_0,2040,DK2 0,gas,7.137455041014349e-05,0.0
pac2_0,2040,DK2 0,hydro,0.047966938536970836,19.0
pac2_0,2040,DK2 0,lignite,4.1078232704035634e-10,0.0
pac2_0,2040,DK2 0,nuclear,9.156665245228895e-10,0.0
pac2_0,2040,DK2 0,oil,4.817959572145498e-10,0.0
pac2_0,2040,EE6 0,H2 Electrolysis,0.004092063263017182,2.0
pac2_0,2040,EE6 0,SMR,9.187568017603104e-06,0.0
pac2_0,2040,EE6 0,biomass,0.01049627031954294,4.0
pac2_0,2040,EE6 0,coal,5.139975747667192e-10,0.0
pac2_0,2040,EE6 0,gas,0.00024354487349612065,0.0
pac2_0,2040,EE6 0,hydro,4.074873841340191,1630.0
pac2_0,2040,EE6 0,lignite,7.992222344214181e-10,0.0
pac2_0,2040,EE6 0,nuclear,9.196321583949004e-10,0.0
pac2_0,2040,EE6 0,oil,5.162270130385322e-10,0.0
pac2_0,2040,ES1 0,H2 Electrolysis,0.016872914885682884,7.0
pac2_0,2040,ES1 0,SMR,8.245436940562618e-06,0.0
pac2_0,2040,ES1 0,biomass,0.1763649533613116,71.0
pac2_0,2040,ES1 0,coal,4.6302020983616243e-10,0.0
pac2_0,2040,ES1 0,gas,0.00014599952664568988,0.0
pac2_0,2040,ES1 0,hydro,107.62699333311183,43051.0
pac2_0,2040,ES1 0,lignite,4.103180452619875e-10,0.0
pac2_0,2040,ES1 0,nuclear,4.464676799197686e-10,0.0
pac2_0,2040,ES1 0,oil,5.263659372411815e-10,0.0
pac2_0,2040,ES1 1,H2 Electrolysis,0.4037543059213919,162.0
pac2_0,2040,ES1 1,SMR,8.046084349859681e-06,0.0
pac2_0,2040,ES1 1,biomass,0.436578394671868,175.0
pac2_0,2040,ES1 1,coal,8.823418224131189e-10,0.0
pac2_0,2040,ES1 1,gas,0.00023286502260976284,0.0
pac2_0,2040,ES1 1,hydro,91.94949090628401,36780.0
pac2_0,2040,ES1 1,lignite,4.0967910538125785e-10,0.0
pac2_0,2040,ES1 1,nuclear,8.463374903925529e-10,0.0
pac2_0,2040,ES1 1,oil,5.269331530736705e-10,0.0
pac2_0,2040,ES1 2,H2 Electrolysis,0.05421552242467483,22.0
pac2_0,2040,ES1 2,SMR,7.990115992342389e-06,0.0
pac2_0,2040,ES1 2,biomass,0.4602911199821017,184.0
pac2_0,2040,ES1 2,coal,8.25087699833745e-10,0.0
pac2_0,2040,ES1 2,gas,0.00017967587521728018,0.0
pac2_0,2040,ES1 2,hydro,350.62926759658706,140252.0
pac2_0,2040,ES1 2,lignite,4.0951066139039704e-10,0.0
pac2_0,2040,ES1 2,nuclear,5.336912305578184e-10,0.0
pac2_0,2040,ES1 2,oil,5.271009475699029e-10,0.0
pac2_0,2040,ES4 0,H2 Electrolysis,0.14093838266300213,56.0
pac2_0,2040,ES4 0,SMR,7.612622598772929e-06,0.0
pac2_0,2040,ES4 0,biomass,0.00025251068954163094,0.0
pac2_0,2040,ES4 0,coal,3.0827496812749054e-10,0.0
pac2_0,2040,ES4 0,gas,7.71980889888304e-05,0.0
pac2_0,2040,ES4 0,hydro,1.2372082087780973e-06,0.0
pac2_0,2040,ES4 0,lignite,4.105699395696273e-10,0.0
pac2_0,2040,ES4 0,nuclear,4.462815317261214e-10,0.0
pac2_0,2040,ES4 0,oil,5.257020201296409e-10,0.0
pac2_0,2040,FI2 0,H2 Electrolysis,0.11067822900921316,44.0
pac2_0,2040,FI2 0,SMR,8.842005066040494e-06,0.0
pac2_0,2040,FI2 0,biomass,0.8471073536726295,339.0
pac2_0,2040,FI2 0,coal,4.1956672754004814e-10,0.0
pac2_0,2040,FI2 0,gas,9.934689289810136e-05,0.0
pac2_0,2040,FI2 0,hydro,308.0202586992227,123208.0
pac2_0,2040,FI2 0,lignite,4.102200169225646e-10,0.0
pac2_0,2040,FI2 0,nuclear,8.619554735409775e-10,0.0
pac2_0,2040,FI2 0,oil,5.446128698684348e-11,0.0
pac2_0,2040,FR1 0,H2 Electrolysis,7.0516546228006356e-06,0.0
pac2_0,2040,FR1 0,SMR,9.52294141143694e-06,0.0
pac2_0,2040,FR1 0,biomass,0.21350264786065934,85.0
pac2_0,2040,FR1 0,coal,3.084794341900218e-10,0.0
pac2_0,2040,FR1 0,gas,0.0004669395668980885,0.0
pac2_0,2040,FR1 0,hydro,429.0995718974762,171640.0
pac2_0,2040,FR1 0,lignite,4.101310296904521e-10,0.0
pac2_0,2040,FR1 0,nuclear,32.64588619868724,13058.0
pac2_0,2040,FR1 0,oil,2.9290550327038303e-10,0.0
pac2_0,2040,FR1 1,H2 Electrolysis,0.6025645288854234,241.0
pac2_0,2040,FR1 1,SMR,9.46880521790084e-06,0.0
pac2_0,2040,FR1 1,biomass,0.6196353133489282,248.0
pac2_0,2040,FR1 1,coal,4.658504793369886e-10,0.0
pac2_0,2040,FR1 1,gas,0.24813872358664477,99.0
pac2_0,2040,FR1 1,hydro,0.01813110159820685,7.0
pac2_0,2040,FR1 1,lignite,4.0979043088747204e-10,0.0
pac2_0,2040,FR1 1,nuclear,0.0005565879714822113,0.0
pac2_0,2040,FR1 1,oil,5.595582772072198e-11,0.0
pac2_0,2040,FR1 2,H2 Electrolysis,2.712959419543362e-05,0.0
pac2_0,2040,FR1 2,SMR,9.247098761904303e-06,0.0
pac2_0,2040,FR1 2,biomass,0.23321123953469725,93.0
pac2_0,2040,FR1 2,coal,3.087916828975377e-10,0.0
pac2_0,2040,FR1 2,gas,0.0015730834941183446,1.0
pac2_0,2040,FR1 2,hydro,195.50394642453736,78202.0
pac2_0,2040,FR1 2,lignite,4.097355367563434e-10,0.0
pac2_0,2040,FR1 2,nuclear,0.0018186002339848142,1.0
pac2_0,2040,FR1 2,oil,2.9436837701526735e-10,0.0
pac2_0,2040,FR1 3,H2 Electrolysis,1.692050700318299e-05,0.0
pac2_0,2040,FR1 3,SMR,8.601197635240107e-06,0.0
pac2_0,2040,FR1 3,biomass,0.10825999360085681,43.0
pac2_0,2040,FR1 3,coal,3.086549954779418e-10,0.0
pac2_0,2040,FR1 3,gas,0.0002514656648257677,0.0
pac2_0,2040,FR1 3,hydro,93.04548305083067,37218.0
pac2_0,2040,FR1 3,lignite,4.09450379978835e-10,0.0
pac2_0,2040,FR1 3,nuclear,4.862602796321494,1945.0
pac2_0,2040,FR1 3,oil,2.9471522528782227e-10,0.0
pac2_0,2040,FR1 4,H2 Electrolysis,9.158184513898714e-06,0.0
pac2_0,2040,FR1 4,SMR,8.962615377995662e-06,0.0
pac2_0,2040,FR1 4,biomass,0.49142651714947416,197.0
pac2_0,2040,FR1 4,coal,7.273217573286523e-10,0.0
pac2_0,2040,FR1 4,gas,0.044018354765272195,18.0
pac2_0,2040,FR1 4,hydro,233.55882641345252,93424.0
pac2_0,2040,FR1 4,lignite,4.093327821295961e-10,0.0
pac2_0,2040,FR1 4,nuclear,0.01128625260383717,5.0
pac2_0,2040,FR1 4,oil,2.967724539605626e-10,0.0
pac2_0,2040,FR1 5,H2 Electrolysis,6.593441579943883e-06,0.0
pac2_0,2040,FR1 5,SMR,9.840499897752447e-06,0.0
pac2_0,2040,FR1 5,biomass,0.2504339179950247,100.0
pac2_0,2040,FR1 5,coal,8.841207023495254e-10,0.0
pac2_0,2040,FR1 5,gas,0.15069877124529651,60.0
pac2_0,2040,FR1 5,hydro,100.96240743681312,40385.0
pac2_0,2040,FR1 5,lignite,4.094685302703198e-10,0.0
pac2_0,2040,FR1 5,nuclear,92.83102394320366,37132.0
pac2_0,2040,FR1 5,oil,2.9958357162330457e-10,0.0
pac2_0,2040,FR1 6,H2 Electrolysis,0.1797275525804244,72.0
pac2_0,2040,FR1 6,SMR,8.992235609689522e-06,0.0
pac2_0,2040,FR1 6,biomass,0.4298567592332737,172.0
pac2_0,2040,FR1 6,coal,4.116521205787744e-10,0.0
pac2_0,2040,FR1 6,gas,0.07390638132727437,30.0
pac2_0,2040,FR1 6,hydro,0.01746790808953551,7.0
pac2_0,2040,FR1 6,lignite,4.095770076131646e-10,0.0
pac2_0,2040,FR1 6,nuclear,0.0007863958230004264,0.0
pac2_0,2040,FR1 6,oil,2.775731564619455e-10,0.0
pac2_0,2040,GB0 0,H2 Electrolysis,3.5263802234026005,1411.0
pac2_0,2040,GB0 0,SMR,8.846272537823526e-06,0.0
pac2_0,2040,GB0 0,biomass,2.654079681982792,1062.0
pac2_0,2040,GB0 0,coal,3.230647630207566e-05,0.0
pac2_0,2040,GB0 0,gas,0.00030121694358913677,0.0
pac2_0,2040,GB0 0,hydro,31090.307155049286,12436123.0
pac2_0,2040,GB0 0,lignite,4.267384201716302e-05,0.0
pac2_0,2040,GB0 0,nuclear,0.0003316435684415589,0.0
pac2_0,2040,GB0 0,oil,0.00015525094679008078,0.0
pac2_0,2040,GB0 1,H2 Electrolysis,0.5393804935674315,216.0
pac2_0,2040,GB0 1,SMR,8.602612980067956e-06,0.0
pac2_0,2040,GB0 1,biomass,0.11875575972255294,48.0
pac2_0,2040,GB0 1,coal,3.226367641459194e-05,0.0
pac2_0,2040,GB0 1,gas,0.00010402187489782109,0.0
pac2_0,2040,GB0 1,hydro,64.7487360451751,25899.0
pac2_0,2040,GB0 1,lignite,4.2638635747277814e-05,0.0
pac2_0,2040,GB0 1,nuclear,0.00032252108137726705,0.0
pac2_0,2040,GB0 1,oil,5.563457566713867e-05,0.0
pac2_0,2040,GB0 2,H2 Electrolysis,0.8517782195085335,341.0
pac2_0,2040,GB0 2,SMR,8.766667343393594e-06,0.0
pac2_0,2040,GB0 2,biomass,1.5814222392007786,633.0
pac2_0,2040,GB0 2,coal,0.00014739731009798818,0.0
pac2_0,2040,GB0 2,gas,0.00031821741521657584,0.0
pac2_0,2040,GB0 2,hydro,2169.9085897107543,867963.0
pac2_0,2040,GB0 2,lignite,4.2660492867097776e-05,0.0
pac2_0,2040,GB0 2,nuclear,0.0003283178305948973,0.0
pac2_0,2040,GB0 2,oil,5.597074784742597e-05,0.0
pac2_0,2040,GB0 3,H2 Electrolysis,2.4566406610168574,983.0
pac2_0,2040,GB0 3,SMR,8.852186802678133e-06,0.0
pac2_0,2040,GB0 3,biomass,4.186418420240377,1675.0
pac2_0,2040,GB0 3,coal,0.00014475348548336045,0.0
pac2_0,2040,GB0 3,gas,0.0004687415854711717,0.0
pac2_0,2040,GB0 3,hydro,7579.121621159507,3031649.0
pac2_0,2040,GB0 3,lignite,4.2659972594483716e-05,0.0
pac2_0,2040,GB0 3,nuclear,0.0003290664864773354,0.0
pac2_0,2040,GB0 3,oil,5.602072043373395e-05,0.0
pac2_0,2040,GB5 0,H2 Electrolysis,0.42033652272651967,168.0
pac2_0,2040,GB5 0,SMR,8.323978773560515e-06,0.0
pac2_0,2040,GB5 0,biomass,0.1254418858826606,50.0
pac2_0,2040,GB5 0,coal,3.22550093537144e-05,0.0
pac2_0,2040,GB5 0,gas,0.0001113160766470799,0.0
pac2_0,2040,GB5 0,hydro,468.4857449161643,187394.0
pac2_0,2040,GB5 0,lignite,4.263590929266455e-05,0.0
pac2_0,2040,GB5 0,nuclear,0.0001920644934665538,0.0
pac2_0,2040,GB5 0,oil,5.948914034698372e-05,0.0
pac2_0,2040,GR1 0,H2 Electrolysis,0.1261245180495213,50.0
pac2_0,2040,GR1 0,SMR,8.60410105948372e-06,0.0
pac2_0,2040,GR1 0,biomass,0.0005628156697642632,0.0
pac2_0,2040,GR1 0,coal,3.082190973190772e-10,0.0
pac2_0,2040,GR1 0,gas,0.0007682145089377499,0.0
pac2_0,2040,GR1 0,hydro,65.57002868385574,26228.0
pac2_0,2040,GR1 0,lignite,8.583144563948416e-10,0.0
pac2_0,2040,GR1 0,nuclear,9.178179679224406e-10,0.0
pac2_0,2040,GR1 0,oil,5.326584003979075e-10,0.0
pac2_0,2040,HR1 0,H2 Electrolysis,0.05919782827166718,24.0
pac2_0,2040,HR1 0,SMR,9.85826106316636e-06,0.0
pac2_0,2040,HR1 0,biomass,0.08019855083326763,32.0
pac2_0,2040,HR1 0,coal,4.577215447194552e-10,0.0
pac2_0,2040,HR1 0,gas,0.093529514794923,37.0
pac2_0,2040,HR1 0,hydro,119.50979208976024,47804.0
pac2_0,2040,HR1 0,lignite,4.09605504285065e-10,0.0
pac2_0,2040,HR1 0,nuclear,9.171891753492341e-10,0.0
pac2_0,2040,HR1 0,oil,0.043812254539145765,18.0
pac2_0,2040,HU1 0,H2 Electrolysis,0.02518124830071603,10.0
pac2_0,2040,HU1 0,SMR,9.834559685236375e-06,0.0
pac2_0,2040,HU1 0,biomass,0.7371207727920054,295.0
pac2_0,2040,HU1 0,coal,1.1948014691928306e-08,0.0
pac2_0,2040,HU1 0,gas,0.19014093952859185,76.0
pac2_0,2040,HU1 0,hydro,4.210044198604981,1684.0
pac2_0,2040,HU1 0,lignite,0.022118147049571393,9.0
pac2_0,2040,HU1 0,nuclear,4.783433831280953,1913.0
pac2_0,2040,HU1 0,oil,0.00018176839638082954,0.0
pac2_0,2040,IE5 0,H2 Electrolysis,0.07678708785871179,31.0
pac2_0,2040,IE5 0,SMR,9.206240869711898e-06,0.0
pac2_0,2040,IE5 0,biomass,0.09329847195716905,37.0
pac2_0,2040,IE5 0,coal,6.064027798370343e-10,0.0
pac2_0,2040,IE5 0,gas,6.248178146224839e-06,0.0
pac2_0,2040,IE5 0,hydro,15.449618730075935,6180.0
pac2_0,2040,IE5 0,lignite,7.871597498764042e-10,0.0
pac2_0,2040,IE5 0,nuclear,9.135515995334471e-10,0.0
pac2_0,2040,IE5 0,oil,4.941688730552736e-10,0.0
pac2_0,2040,IT1 0,H2 Electrolysis,4.546260730017308e-06,0.0
pac2_0,2040,IT1 0,SMR,8.847814501248213e-06,0.0
pac2_0,2040,IT1 0,biomass,2.771127346109954e-05,0.0
pac2_0,2040,IT1 0,coal,0.0002278942374199007,0.0
pac2_0,2040,IT1 0,gas,2.084535339391649,834.0
pac2_0,2040,IT1 0,hydro,185.51856123122772,74207.0
pac2_0,2040,IT1 0,lignite,4.891825625260978e-08,0.0
pac2_0,2040,IT1 0,nuclear,9.166910981006755e-10,0.0
pac2_0,2040,IT1 0,oil,1.4744904018333555e-09,0.0
pac2_0,2040,IT1 1,H2 Electrolysis,4.006510584311778e-06,0.0
pac2_0,2040,IT1 1,SMR,9.392627099214446e-06,0.0
pac2_0,2040,IT1 1,biomass,8.643958055256164e-05,0.0
pac2_0,2040,IT1 1,coal,0.0008315456356208081,0.0
pac2_0,2040,IT1 1,gas,1.7604494701288,704.0
pac2_0,2040,IT1 1,hydro,369.37728660928235,147751.0
pac2_0,2040,IT1 1,lignite,4.885817066647744e-08,0.0
pac2_0,2040,IT1 1,nuclear,9.171191851629816e-10,0.0
pac2_0,2040,IT1 1,oil,5.603250166961188e-11,0.0
pac2_0,2040,IT1 2,H2 Electrolysis,0.10032940220016856,40.0
pac2_0,2040,IT1 2,SMR,8.88120989068853e-06,0.0
pac2_0,2040,IT1 2,biomass,0.23935461736920985,96.0
pac2_0,2040,IT1 2,coal,6.128365731179496e-06,0.0
pac2_0,2040,IT1 2,gas,0.5242070332235093,210.0
pac2_0,2040,IT1 2,hydro,80.39718583306393,32159.0
pac2_0,2040,IT1 2,lignite,4.887862893883844e-08,0.0
pac2_0,2040,IT1 2,nuclear,9.175054754018748e-10,0.0
pac2_0,2040,IT1 2,oil,4.270616875368525e-10,0.0
pac2_0,2040,IT1 3,H2 Electrolysis,2.9464953853145577e-06,0.0
pac2_0,2040,IT1 3,SMR,9.394630341109821e-06,0.0
pac2_0,2040,IT1 3,biomass,0.1223916271806782,49.0
pac2_0,2040,IT1 3,coal,0.0036339633268784462,1.0
pac2_0,2040,IT1 3,gas,3.1917374711160504,1277.0
pac2_0,2040,IT1 3,hydro,457.5408899136015,183016.0
pac2_0,2040,IT1 3,lignite,4.882276769303628e-08,0.0
pac2_0,2040,IT1 3,nuclear,9.176390054093846e-10,0.0
pac2_0,2040,IT1 3,oil,2.9579253584154067e-10,0.0
pac2_0,2040,IT3 0,H2 Electrolysis,0.08264583445875684,33.0
pac2_0,2040,IT3 0,SMR,8.63772675609177e-06,0.0
pac2_0,2040,IT3 0,biomass,3.143672499096832e-05,0.0
pac2_0,2040,IT3 0,coal,1.469998792416534e-05,0.0
pac2_0,2040,IT3 0,gas,0.00010216897196810556,0.0
pac2_0,2040,IT3 0,hydro,28.353040991960285,11341.0
pac2_0,2040,IT3 0,lignite,4.882982701742004e-08,0.0
pac2_0,2040,IT3 0,nuclear,9.203392725944631e-10,0.0
pac2_0,2040,IT3 0,oil,4.884807568368969e-10,0.0
pac2_0,2040,LT6 0,H2 Electrolysis,0.05799412948496067,23.0
pac2_0,2040,LT6 0,SMR,8.81851348045044e-06,0.0
pac2_0,2040,LT6 0,biomass,0.4939503168998888,198.0
pac2_0,2040,LT6 0,coal,6.656262035130407e-10,0.0
pac2_0,2040,LT6 0,gas,0.0007908635346298949,0.0
pac2_0,2040,LT6 0,hydro,34.42630742228655,13771.0
pac2_0,2040,LT6 0,lignite,9.002066734502195e-10,0.0
pac2_0,2040,LT6 0,nuclear,8.524156411875819e-10,0.0
pac2_0,2040,LT6 0,oil,5.229755373771936e-10,0.0
pac2_0,2040,LU1 0,H2 Electrolysis,0.01357536011920905,5.0
pac2_0,2040,LU1 0,SMR,9.815362686969106e-06,0.0
pac2_0,2040,LU1 0,biomass,0.030737412015233757,12.0
pac2_0,2040,LU1 0,coal,6.661751251592301e-10,0.0
pac2_0,2040,LU1 0,gas,4.000657340399264e-06,0.0
pac2_0,2040,LU1 0,hydro,1.6866247705934578,675.0
pac2_0,2040,LU1 0,lignite,8.99930456370452e-10,0.0
pac2_0,2040,LU1 0,nuclear,9.164795491705503e-10,0.0
pac2_0,2040,LU1 0,oil,4.4212195423802256e-10,0.0
pac2_0,2040,LV6 0,H2 Electrolysis,0.01441557931743717,6.0
pac2_0,2040,LV6 0,SMR,8.943939352514387e-06,0.0
pac2_0,2040,LV6 0,biomass,0.12969530594385462,52.0
pac2_0,2040,LV6 0,coal,4.950693557789206e-10,0.0
pac2_0,2040,LV6 0,gas,0.0003516983822361821,0.0
pac2_0,2040,LV6 0,hydro,33.92078412407066,13568.0
pac2_0,2040,LV6 0,lignite,6.299413394515217e-10,0.0
pac2_0,2040,LV6 0,nuclear,9.188647073914199e-10,0.0
pac2_0,2040,LV6 0,oil,4.45396421730715e-10,0.0
pac2_0,2040,NL1 0,H2 Electrolysis,0.3207978756267556,128.0
pac2_0,2040,NL1 0,SMR,9.535497572217448e-06,0.0
pac2_0,2040,NL1 0,biomass,0.00023004712883201723,0.0
pac2_0,2040,NL1 0,coal,3.2149268409848766e-10,0.0
pac2_0,2040,NL1 0,gas,2.433641114408099,973.0
pac2_0,2040,NL1 0,hydro,1.8269325479462595,731.0
pac2_0,2040,NL1 0,lignite,4.0938670150938257e-10,0.0
pac2_0,2040,NL1 0,nuclear,8.36148348720047e-10,0.0
pac2_0,2040,NL1 0,oil,4.508630046003238e-10,0.0
pac2_0,2040,PL1 0,H2 Electrolysis,0.25191738631238086,101.0
pac2_0,2040,PL1 0,SMR,9.776694137082021e-06,0.0
pac2_0,2040,PL1 0,biomass,7.983855869380599,3194.0
pac2_0,2040,PL1 0,coal,0.003310331241056821,1.0
pac2_0,2040,PL1 0,gas,34.59980422920009,13840.0
pac2_0,2040,PL1 0,hydro,67.76010228230075,27104.0
pac2_0,2040,PL1 0,lignite,5.815760432707929,2326.0
pac2_0,2040,PL1 0,nuclear,32.3907152390339,12956.0
pac2_0,2040,PL1 0,oil,4.5511602897989365e-10,0.0
pac2_0,2040,PT1 0,H2 Electrolysis,0.061877984863540236,25.0
pac2_0,2040,PT1 0,SMR,7.252268923298528e-06,0.0
pac2_0,2040,PT1 0,biomass,0.4677293446041673,187.0
pac2_0,2040,PT1 0,coal,5.982654558236348e-10,0.0
pac2_0,2040,PT1 0,gas,9.839198154342611e-05,0.0
pac2_0,2040,PT1 0,hydro,149.12942579139659,59652.0
pac2_0,2040,PT1 0,lignite,4.0927939421272067e-10,0.0
pac2_0,2040,PT1 0,nuclear,9.162514341177914e-10,0.0
pac2_0,2040,PT1 0,oil,5.336502790748501e-10,0.0
pac2_0,2040,RO1 0,H2 Electrolysis,0.18793778823924395,75.0
pac2_0,2040,RO1 0,SMR,8.94392315971976e-06,0.0
pac2_0,2040,RO1 0,biomass,1.2491705905919597,500.0
pac2_0,2040,RO1 0,coal,0.5812961005858143,233.0
pac2_0,2040,RO1 0,gas,0.9582227819851136,383.0
pac2_0,2040,RO1 0,hydro,261.91313892227953,104765.0
pac2_0,2040,RO1 0,lignite,0.17295467470467937,69.0
pac2_0,2040,RO1 0,nuclear,5.346434280142193e-10,0.0
pac2_0,2040,RO1 0,oil,0.036135696913328824,14.0
pac2_0,2040,SE2 0,H2 Electrolysis,0.1529663901212816,61.0
pac2_0,2040,SE2 0,SMR,8.801897496626118e-06,0.0
pac2_0,2040,SE2 0,biomass,8.52487396111934,3410.0
pac2_0,2040,SE2 0,coal,4.3811321546032193e-10,0.0
pac2_0,2040,SE2 0,gas,5.220792463304424e-05,0.0
pac2_0,2040,SE2 0,hydro,1338.5424048903153,535417.0
pac2_0,2040,SE2 0,lignite,4.106411435167989e-10,0.0
pac2_0,2040,SE2 0,nuclear,11.424837820504347,4570.0
pac2_0,2040,SE2 0,oil,2.1496704913790518e-10,0.0
pac2_0,2040,SI1 0,H2 Electrolysis,0.0070517267096276365,3.0
pac2_0,2040,SI1 0,SMR,9.868586300877566e-06,0.0
pac2_0,2040,SI1 0,biomass,0.07156215497307306,29.0
pac2_0,2040,SI1 0,coal,3.0854700791703607e-10,0.0
pac2_0,2040,SI1 0,gas,0.0,0.0
pac2_0,2040,SI1 0,hydro,65.64352764323986,26257.0
pac2_0,2040,SI1 0,lignite,5.409658806472651e-10,0.0
pac2_0,2040,SI1 0,nuclear,2.385756425119407,954.0
pac2_0,2040,SI1 0,oil,5.0072784140556e-10,0.0
pac2_0,2040,SK1 0,H2 Electrolysis,0.08525215864165878,34.0
pac2_0,2040,SK1 0,SMR,9.86283186216799e-06,0.0
pac2_0,2040,SK1 0,biomass,0.62112429192038,248.0
pac2_0,2040,SK1 0,coal,0.005804133658404086,2.0
pac2_0,2040,SK1 0,gas,0.14501476647441822,58.0
pac2_0,2040,SK1 0,hydro,113.38186553163598,45353.0
pac2_0,2040,SK1 0,lignite,1.0529763996612946,421.0
pac2_0,2040,SK1 0,nuclear,16.499921391442644,6600.0
pac2_0,2040,SK1 0,oil,0.11581363303271938,46.0
pac2_0,2050,AT1 0,H2 Electrolysis,0.08440528614983599,34.0
pac2_0,2050,AT1 0,SMR,3.882453518073722e-06,0.0
pac2_0,2050,AT1 0,biomass,1.5777113807826788,631.0
pac2_0,2050,AT1 0,coal,1.1035725468796978e-10,0.0
pac2_0,2050,AT1 0,gas,2.668098652967473e-05,0.0
pac2_0,2050,AT1 0,hydro,1048.4778598715575,419391.0
pac2_0,2050,AT1 0,lignite,9.806080149642637e-11,0.0
pac2_0,2050,AT1 0,nuclear,1.9111149204500365e-10,0.0
pac2_0,2050,AT1 0,oil,3.6543913304255603e-10,0.0
pac2_0,2050,BE1 0,H2 Electrolysis,0.23822340641875642,95.0
pac2_0,2050,BE1 0,SMR,3.5649452718615777e-06,0.0
pac2_0,2050,BE1 0,biomass,0.000149524738166107,0.0
pac2_0,2050,BE1 0,coal,1.454564555769069e-10,0.0
pac2_0,2050,BE1 0,gas,0.002292884728333437,1.0
pac2_0,2050,BE1 0,hydro,6.750455696715655,2700.0
pac2_0,2050,BE1 0,lignite,1.9681886646940016e-10,0.0
pac2_0,2050,BE1 0,nuclear,1.8048989810503161e-10,0.0
pac2_0,2050,BE1 0,oil,1.1262302458820914e-10,0.0
pac2_0,2050,BG1 0,H2 Electrolysis,0.03233872476976409,13.0
pac2_0,2050,BG1 0,SMR,3.819431572722292e-06,0.0
pac2_0,2050,BG1 0,biomass,0.009423014940802374,4.0
pac2_0,2050,BG1 0,coal,1.1195150151375646e-10,0.0
pac2_0,2050,BG1 0,gas,8.114862997752743e-06,0.0
pac2_0,2050,BG1 0,hydro,46.82040413444423,18728.0
pac2_0,2050,BG1 0,lignite,1.9697019601420812e-10,0.0
pac2_0,2050,BG1 0,nuclear,1.1908647344346305e-10,0.0
pac2_0,2050,BG1 0,oil,1.12447684892917e-10,0.0
pac2_0,2050,CZ1 0,H2 Electrolysis,8.821780748756375e-13,0.0
pac2_0,2050,CZ1 0,SMR,3.6913376287762496e-06,0.0
pac2_0,2050,CZ1 0,biomass,1.1366369172099084,455.0
pac2_0,2050,CZ1 0,coal,1.7788111506859968e-10,0.0
pac2_0,2050,CZ1 0,gas,0.900217514894446,360.0
pac2_0,2050,CZ1 0,hydro,31.170177820251283,12468.0
pac2_0,2050,CZ1 0,lignite,1.9583359718448176e-10,0.0
pac2_0,2050,CZ1 0,nuclear,2.9697914983336796e-10,0.0
pac2_0,2050,CZ1 0,oil,1.1232725395447244e-10,0.0
pac2_0,2050,DE1 0,H2 Electrolysis,4.089102748927264e-06,0.0
pac2_0,2050,DE1 0,SMR,3.7727039347025723e-06,0.0
pac2_0,2050,DE1 0,biomass,9.335219912378946e-05,0.0
pac2_0,2050,DE1 0,coal,1.4454673264404632e-10,0.0
pac2_0,2050,DE1 0,gas,1.969622983650951,788.0
pac2_0,2050,DE1 0,hydro,38.73538741444985,15494.0
pac2_0,2050,DE1 0,lignite,9.806089821258474e-11,0.0
pac2_0,2050,DE1 0,nuclear,2.9665619715253943e-10,0.0
pac2_0,2050,DE1 0,oil,1.1672812652372223e-11,0.0
pac2_0,2050,DE1 1,H2 Electrolysis,0.41218983662356834,165.0
pac2_0,2050,DE1 1,SMR,3.6788362047383267e-06,0.0
pac2_0,2050,DE1 1,biomass,0.00010945854009587093,0.0
pac2_0,2050,DE1 1,coal,1.4956519795453282e-10,0.0
pac2_0,2050,DE1 1,gas,0.40078011060516594,160.0
pac2_0,2050,DE1 1,hydro,10.521474011012817,4209.0
pac2_0,2050,DE1 1,lignite,9.806237084038455e-11,0.0
pac2_0,2050,DE1 1,nuclear,1.19134260271469e-10,0.0
pac2_0,2050,DE1 1,oil,5.6213231776323044e-11,0.0
pac2_0,2050,DE1 2,H2 Electrolysis,0.000993902432302687,0.0
pac2_0,2050,DE1 2,SMR,3.7080055999206465e-06,0.0
pac2_0,2050,DE1 2,biomass,0.0001372054940693845,0.0
pac2_0,2050,DE1 2,coal,7.243852044624495e-11,0.0
pac2_0,2050,DE1 2,gas,0.2136293243095798,85.0
pac2_0,2050,DE1 2,hydro,45.90180024487815,18361.0
pac2_0,2050,DE1 2,lignite,2.1704594711848037e-10,0.0
pac2_0,2050,DE1 2,nuclear,9.575873438598015e-11,0.0
pac2_0,2050,DE1 2,oil,5.623205699124523e-11,0.0
pac2_0,2050,DE1 3,H2 Electrolysis,0.1843732927323876,74.0
pac2_0,2050,DE1 3,SMR,3.7421051826881673e-06,0.0
pac2_0,2050,DE1 3,biomass,8.922291459838527e-05,0.0
pac2_0,2050,DE1 3,coal,1.6861966342198477e-10,0.0
pac2_0,2050,DE1 3,gas,3.3216492561463418,1329.0
pac2_0,2050,DE1 3,hydro,43.33343474410982,17333.0
pac2_0,2050,DE1 3,lignite,1.6786512780283888e-10,0.0
pac2_0,2050,DE1 3,nuclear,2.966207393756368e-10,0.0
pac2_0,2050,DE1 3,oil,5.6193649410077013e-11,0.0
pac2_0,2050,DE1 4,H2 Electrolysis,5.072886285728361e-06,0.0
pac2_0,2050,DE1 4,SMR,3.754634301593079e-06,0.0
pac2_0,2050,DE1 4,biomass,0.00011851693975042569,0.0
pac2_0,2050,DE1 4,coal,7.243183529469798e-11,0.0
pac2_0,2050,DE1 4,gas,0.09884768485817336,40.0
pac2_0,2050,DE1 4,hydro,49.032981859474724,19613.0
pac2_0,2050,DE1 4,lignite,9.80577693802036e-11,0.0
pac2_0,2050,DE1 4,nuclear,9.574683876989785e-11,0.0
pac2_0,2050,DE1 4,oil,5.622981414872083e-11,0.0
pac2_0,2050,DE1 5,H2 Electrolysis,3.882780961259113e-06,0.0
pac2_0,2050,DE1 5,SMR,3.7530366610946257e-06,0.0
pac2_0,2050,DE1 5,biomass,0.00016677217161285184,0.0
pac2_0,2050,DE1 5,coal,1.4476280460821134e-10,0.0
pac2_0,2050,DE1 5,gas,0.3696362947054097,148.0
pac2_0,2050,DE1 5,hydro,214.5752255196965,85830.0
pac2_0,2050,DE1 5,lignite,9.806519111128509e-11,0.0
pac2_0,2050,DE1 5,nuclear,2.9753708044529413e-10,0.0
pac2_0,2050,DE1 5,oil,1.0647342792933643e-10,0.0
pac2_0,2050,DE1 6,H2 Electrolysis,0.1974365063362261,79.0
pac2_0,2050,DE1 6,SMR,3.4749617742788236e-06,0.0
pac2_0,2050,DE1 6,biomass,0.00014409809248570378,0.0
pac2_0,2050,DE1 6,coal,1.663490478850779e-10,0.0
pac2_0,2050,DE1 6,gas,0.29663849511487406,119.0
pac2_0,2050,DE1 6,hydro,6.538165698358591,2615.0
pac2_0,2050,DE1 6,lignite,2.0813369632273904e-10,0.0
pac2_0,2050,DE1 6,nuclear,9.580668034846576e-11,0.0
pac2_0,2050,DE1 6,oil,1.739642617174161e-10,0.0
pac2_0,2050,DK1 0,H2 Electrolysis,0.05489360978350916,22.0
pac2_0,2050,DK1 0,SMR,3.8217647951940754e-06,0.0
pac2_0,2050,DK1 0,biomass,0.0553128004456305,22.0
pac2_0,2050,DK1 0,coal,4.533011699360796e-11,0.0
pac2_0,2050,DK1 0,gas,2.8876807035085333e-07,0.0
pac2_0,2050,DK1 0,hydro,2.121478449211966e-09,0.0
pac2_0,2050,DK1 0,lignite,9.805033863255545e-11,0.0
pac2_0,2050,DK1 0,nuclear,1.9122202967441378e-10,0.0
pac2_0,2050,DK1 0,oil,5.62468563016393e-11,0.0
pac2_0,2050,DK2 0,H2 Electrolysis,0.02645562031176741,11.0
pac2_0,2050,DK2 0,SMR,3.7245096222560577e-06,0.0
pac2_0,2050,DK2 0,biomass,0.007896608989317957,3.0
pac2_0,2050,DK2 0,coal,7.244115205159674e-11,0.0
pac2_0,2050,DK2 0,gas,1.463540931104426e-05,0.0
pac2_0,2050,DK2 0,hydro,2.129007693306884e-09,0.0
pac2_0,2050,DK2 0,lignite,9.805970151602758e-11,0.0
pac2_0,2050,DK2 0,nuclear,1.9111547196611822e-10,0.0
pac2_0,2050,DK2 0,oil,1.0628982929304035e-10,0.0
pac2_0,2050,EE6 0,H2 Electrolysis,0.0029918793216690068,1.0
pac2_0,2050,EE6 0,SMR,3.491828904316591e-06,0.0
pac2_0,2050,EE6 0,biomass,0.0001942260055750903,0.0
pac2_0,2050,EE6 0,coal,1.4043964072594211e-10,0.0
pac2_0,2050,EE6 0,gas,3.33502094648381e-05,0.0
pac2_0,2050,EE6 0,hydro,5.801718357661232,2321.0
pac2_0,2050,EE6 0,lignite,1.9679872799754922e-10,0.0
pac2_0,2050,EE6 0,nuclear,1.9145571969629176e-10,0.0
pac2_0,2050,EE6 0,oil,1.1267832543979425e-10,0.0
pac2_0,2050,ES1 0,H2 Electrolysis,0.01383298860642856,6.0
pac2_0,2050,ES1 0,SMR,3.237960491956814e-06,0.0
pac2_0,2050,ES1 0,biomass,0.01405571074665227,6.0
pac2_0,2050,ES1 0,coal,1.1029444796738958e-10,0.0
pac2_0,2050,ES1 0,gas,2.0554357502160362e-05,0.0
pac2_0,2050,ES1 0,hydro,128.26572791532413,51306.0
pac2_0,2050,ES1 0,lignite,9.806263378744899e-11,0.0
pac2_0,2050,ES1 0,nuclear,9.572716869589674e-11,0.0
pac2_0,2050,ES1 0,oil,1.1256796249226526e-10,0.0
pac2_0,2050,ES1 1,H2 Electrolysis,0.24269967763855457,97.0
pac2_0,2050,ES1 1,SMR,3.279109020448996e-06,0.0
pac2_0,2050,ES1 1,biomass,0.03299997248253913,13.0
pac2_0,2050,ES1 1,coal,2.101268572415699e-10,0.0
pac2_0,2050,ES1 1,gas,1.86960028734311e-05,0.0
pac2_0,2050,ES1 1,hydro,117.34973286904327,46940.0
pac2_0,2050,ES1 1,lignite,9.806038769803723e-11,0.0
pac2_0,2050,ES1 1,nuclear,1.90848171302475e-10,0.0
pac2_0,2050,ES1 1,oil,1.1256464459246127e-10,0.0
pac2_0,2050,ES1 2,H2 Electrolysis,0.05312846426914403,21.0
pac2_0,2050,ES1 2,SMR,3.2203169143740735e-06,0.0
pac2_0,2050,ES1 2,biomass,0.03269124684204359,13.0
pac2_0,2050,ES1 2,coal,1.9654435554503387e-10,0.0
pac2_0,2050,ES1 2,gas,1.5751989203857616e-05,0.0
pac2_0,2050,ES1 2,hydro,359.3229980457789,143729.0
pac2_0,2050,ES1 2,lignite,9.806059181856208e-11,0.0
pac2_0,2050,ES1 2,nuclear,1.1912434267556302e-10,0.0
pac2_0,2050,ES1 2,oil,1.1257224016647376e-10,0.0
pac2_0,2050,ES4 0,H2 Electrolysis,0.12756456441254613,51.0
pac2_0,2050,ES4 0,SMR,3.211479935367691e-06,0.0
pac2_0,2050,ES4 0,biomass,1.5575549752334915e-05,0.0
pac2_0,2050,ES4 0,coal,7.243992449148376e-11,0.0
pac2_0,2050,ES4 0,gas,1.4119042871190057e-05,0.0
pac2_0,2050,ES4 0,hydro,3.0599896421609384e-07,0.0
pac2_0,2050,ES4 0,lignite,9.806236493682245e-11,0.0
pac2_0,2050,ES4 0,nuclear,9.574576882385577e-11,0.0
pac2_0,2050,ES4 0,oil,1.1258882222332203e-10,0.0
pac2_0,2050,FI2 0,H2 Electrolysis,0.08134120257840294,33.0
pac2_0,2050,FI2 0,SMR,3.174595096822058e-06,0.0
pac2_0,2050,FI2 0,biomass,0.06866627391423162,27.0
pac2_0,2050,FI2 0,coal,1.0000071924842497e-10,0.0
pac2_0,2050,FI2 0,gas,2.8570937650390227e-06,0.0
pac2_0,2050,FI2 0,hydro,312.8851543103228,125154.0
pac2_0,2050,FI2 0,lignite,9.806702572814619e-11,0.0
pac2_0,2050,FI2 0,nuclear,1.9192219826134987e-10,0.0
pac2_0,2050,FI2 0,oil,1.1690776235979188e-11,0.0
pac2_0,2050,FR1 0,H2 Electrolysis,3.694170972110441e-06,0.0
pac2_0,2050,FR1 0,SMR,3.5114763088761863e-06,0.0
pac2_0,2050,FR1 0,biomass,0.00010130948292724511,0.0
pac2_0,2050,FR1 0,coal,7.243634781339157e-11,0.0
pac2_0,2050,FR1 0,gas,3.7881238599620095e-05,0.0
pac2_0,2050,FR1 0,hydro,417.43240813763333,166973.0
pac2_0,2050,FR1 0,lignite,9.806099720969469e-11,0.0
pac2_0,2050,FR1 0,nuclear,1.701324679142739e-10,0.0
pac2_0,2050,FR1 0,oil,5.6222346027234706e-11,0.0
pac2_0,2050,FR1 1,H2 Electrolysis,0.08454366176506282,34.0
pac2_0,2050,FR1 1,SMR,3.4865394931520187e-06,0.0
pac2_0,2050,FR1 1,biomass,9.132330151410816e-05,0.0
pac2_0,2050,FR1 1,coal,1.1029308753477584e-10,0.0
pac2_0,2050,FR1 1,gas,2.7740751908512065e-05,0.0
pac2_0,2050,FR1 1,hydro,0.021003704736520183,8.0
pac2_0,2050,FR1 1,lignite,9.805643401201738e-11,0.0
pac2_0,2050,FR1 1,nuclear,1.924642904948626e-10,0.0
pac2_0,2050,FR1 1,oil,1.1690500327056302e-11,0.0
pac2_0,2050,FR1 2,H2 Electrolysis,3.123856705605227e-06,0.0
pac2_0,2050,FR1 2,SMR,3.262015950507638e-06,0.0
pac2_0,2050,FR1 2,biomass,6.353507674812551e-05,0.0
pac2_0,2050,FR1 2,coal,7.243036883667359e-11,0.0
pac2_0,2050,FR1 2,gas,6.162855503981673e-07,0.0
pac2_0,2050,FR1 2,hydro,205.74850981398203,82299.0
pac2_0,2050,FR1 2,lignite,9.806031646607071e-11,0.0
pac2_0,2050,FR1 2,nuclear,2.5815452162365086e-10,0.0
pac2_0,2050,FR1 2,oil,5.6230895867456956e-11,0.0
pac2_0,2050,FR1 3,H2 Electrolysis,0.5104906327358514,204.0
pac2_0,2050,FR1 3,SMR,3.0222527316104338e-06,0.0
pac2_0,2050,FR1 3,biomass,3.678922643743952e-05,0.0
pac2_0,2050,FR1 3,coal,7.24278377670931e-11,0.0
pac2_0,2050,FR1 3,gas,2.298160346382103e-05,0.0
pac2_0,2050,FR1 3,hydro,81.33127357657406,32533.0
pac2_0,2050,FR1 3,lignite,9.805927374959513e-11,0.0
pac2_0,2050,FR1 3,nuclear,1.9362417082991516e-10,0.0
pac2_0,2050,FR1 3,oil,5.623070622750618e-11,0.0
pac2_0,2050,FR1 4,H2 Electrolysis,0.044216701578496116,18.0
pac2_0,2050,FR1 4,SMR,3.3896644845878975e-06,0.0
pac2_0,2050,FR1 4,biomass,0.00012737111821778556,0.0
pac2_0,2050,FR1 4,coal,1.930232803060757e-10,0.0
pac2_0,2050,FR1 4,gas,2.23546368256185e-05,0.0
pac2_0,2050,FR1 4,hydro,190.77839041155607,76311.0
pac2_0,2050,FR1 4,lignite,9.805769566193733e-11,0.0
pac2_0,2050,FR1 4,nuclear,1.8986001232516543e-10,0.0
pac2_0,2050,FR1 4,oil,5.6236491985320674e-11,0.0
pac2_0,2050,FR1 5,H2 Electrolysis,2.5763102187694615e-06,0.0
pac2_0,2050,FR1 5,SMR,3.6965846143777146e-06,0.0
pac2_0,2050,FR1 5,biomass,0.029060509716072002,12.0
pac2_0,2050,FR1 5,coal,2.100926097377952e-10,0.0
pac2_0,2050,FR1 5,gas,4.4867091685468424e-05,0.0
pac2_0,2050,FR1 5,hydro,219.73086747962626,87892.0
pac2_0,2050,FR1 5,lignite,9.80529447552562e-11,0.0
pac2_0,2050,FR1 5,nuclear,2.657505178902087e-10,0.0
pac2_0,2050,FR1 5,oil,5.6256852022764004e-11,0.0
pac2_0,2050,FR1 6,H2 Electrolysis,0.06403427670078618,26.0
pac2_0,2050,FR1 6,SMR,3.4605316450607116e-06,0.0
pac2_0,2050,FR1 6,biomass,8.755871648436784e-05,0.0
pac2_0,2050,FR1 6,coal,1.0982331298901585e-10,0.0
pac2_0,2050,FR1 6,gas,2.2107278095665664e-05,0.0
pac2_0,2050,FR1 6,hydro,0.009744040287863902,4.0
pac2_0,2050,FR1 6,lignite,9.805512113468456e-11,0.0
pac2_0,2050,FR1 6,nuclear,2.923516888579426e-10,0.0
pac2_0,2050,FR1 6,oil,6.672769541845773e-11,0.0
pac2_0,2050,GB0 0,H2 Electrolysis,14.129093693928674,5652.0
pac2_0,2050,GB0 0,SMR,3.2865523698465615e-06,0.0
pac2_0,2050,GB0 0,biomass,5.970416161271447e-05,0.0
pac2_0,2050,GB0 0,coal,1.341975039252115e-05,0.0
pac2_0,2050,GB0 0,gas,0.28180450190966533,113.0
pac2_0,2050,GB0 0,hydro,31090.330322029255,12436132.0
pac2_0,2050,GB0 0,lignite,2.1696029854265843e-05,0.0
pac2_0,2050,GB0 0,nuclear,0.00027851402305171006,0.0
pac2_0,2050,GB0 0,oil,3.891738076509558e-05,0.0
pac2_0,2050,GB0 1,H2 Electrolysis,0.8273062113517674,331.0
pac2_0,2050,GB0 1,SMR,3.083958285099345e-06,0.0
pac2_0,2050,GB0 1,biomass,8.173696376406739e-06,0.0
pac2_0,2050,GB0 1,coal,1.3364056867310268e-05,0.0
pac2_0,2050,GB0 1,gas,3.832989749403985e-05,0.0
pac2_0,2050,GB0 1,hydro,65.16461412270996,26066.0
pac2_0,2050,GB0 1,lignite,2.158561508941127e-05,0.0
pac2_0,2050,GB0 1,nuclear,0.0002740671716275141,0.0
pac2_0,2050,GB0 1,oil,1.4320959524980807e-05,0.0
pac2_0,2050,GB0 2,H2 Electrolysis,1.2526217314685368,501.0
pac2_0,2050,GB0 2,SMR,3.240406590092532e-06,0.0
pac2_0,2050,GB0 2,biomass,7.363150066148239e-05,0.0
pac2_0,2050,GB0 2,coal,8.763691405219294e-05,0.0
pac2_0,2050,GB0 2,gas,0.15867508298054767,63.0
pac2_0,2050,GB0 2,hydro,2169.933640212377,867973.0
pac2_0,2050,GB0 2,lignite,2.163318092405376e-05,0.0
pac2_0,2050,GB0 2,nuclear,0.0002796962639915376,0.0
pac2_0,2050,GB0 2,oil,1.4338157845035752e-05,0.0
pac2_0,2050,GB0 3,H2 Electrolysis,3.6243097043053645,1450.0
pac2_0,2050,GB0 3,SMR,3.3453152562277145e-06,0.0
pac2_0,2050,GB0 3,biomass,0.00013099762451270017,0.0
pac2_0,2050,GB0 3,coal,8.693164418410815e-05,0.0
pac2_0,2050,GB0 3,gas,0.47688979670545917,191.0
pac2_0,2050,GB0 3,hydro,7579.142557055735,3031657.0
pac2_0,2050,GB0 3,lignite,2.1735488522549617e-05,0.0
pac2_0,2050,GB0 3,nuclear,0.00028210102452084807,0.0
pac2_0,2050,GB0 3,oil,1.4363043292734021e-05,0.0
pac2_0,2050,GB5 0,H2 Electrolysis,0.47273961342771553,189.0
pac2_0,2050,GB5 0,SMR,2.9574701137230273e-06,0.0
pac2_0,2050,GB5 0,biomass,6.522758442072482e-05,0.0
pac2_0,2050,GB5 0,coal,1.3313874289151222e-05,0.0
pac2_0,2050,GB5 0,gas,0.00039099836828222583,0.0
pac2_0,2050,GB5 0,hydro,468.49971328154453,187400.0
pac2_0,2050,GB5 0,lignite,2.149526268128566e-05,0.0
pac2_0,2050,GB5 0,nuclear,4.873535169070484e-05,0.0
pac2_0,2050,GB5 0,oil,1.504423339663078e-05,0.0
pac2_0,2050,GR1 0,H2 Electrolysis,0.1230537616373976,49.0
pac2_0,2050,GR1 0,SMR,3.6592234241234075e-06,0.0
pac2_0,2050,GR1 0,biomass,1.753489387149365e-05,0.0
pac2_0,2050,GR1 0,coal,7.244863298265592e-11,0.0
pac2_0,2050,GR1 0,gas,1.1882822914065955e-05,0.0
pac2_0,2050,GR1 0,hydro,69.0390040970743,27616.0
pac2_0,2050,GR1 0,lignite,2.1012548172367958e-10,0.0
pac2_0,2050,GR1 0,nuclear,1.911455170602451e-10,0.0
pac2_0,2050,GR1 0,oil,1.1248558858129456e-10,0.0
pac2_0,2050,HR1 0,H2 Electrolysis,0.06190437316768123,25.0
pac2_0,2050,HR1 0,SMR,3.6976903236441113e-06,0.0
pac2_0,2050,HR1 0,biomass,0.016678017046186225,7.0
pac2_0,2050,HR1 0,coal,1.104757997919525e-10,0.0
pac2_0,2050,HR1 0,gas,8.629546930413698e-06,0.0
pac2_0,2050,HR1 0,hydro,132.41080098061036,52964.0
pac2_0,2050,HR1 0,lignite,9.806316018128102e-11,0.0
pac2_0,2050,HR1 0,nuclear,1.9113829909927721e-10,0.0
pac2_0,2050,HR1 0,oil,1.0633541175991264e-10,0.0
pac2_0,2050,HU1 0,H2 Electrolysis,0.02814789551917539,11.0
pac2_0,2050,HU1 0,SMR,3.959905145343293e-06,0.0
pac2_0,2050,HU1 0,biomass,0.20749954990181405,83.0
pac2_0,2050,HU1 0,coal,7.24350599525759e-11,0.0
pac2_0,2050,HU1 0,gas,1.1616709354949414e-05,0.0
pac2_0,2050,HU1 0,hydro,3.419854599271405,1368.0
pac2_0,2050,HU1 0,lignite,1.9968797977984524e-10,0.0
pac2_0,2050,HU1 0,nuclear,1.1917549638386783e-10,0.0
pac2_0,2050,HU1 0,oil,1.1687397472565976e-11,0.0
pac2_0,2050,IE5 0,H2 Electrolysis,0.05006325320922398,20.0
pac2_0,2050,IE5 0,SMR,3.4255753958811494e-06,0.0
pac2_0,2050,IE5 0,biomass,0.020224079758030717,8.0
pac2_0,2050,IE5 0,coal,1.4570540717765575e-10,0.0
pac2_0,2050,IE5 0,gas,1.5450006665381062e-06,0.0
pac2_0,2050,IE5 0,hydro,15.016655445747313,6007.0
pac2_0,2050,IE5 0,lignite,1.9702103934118224e-10,0.0
pac2_0,2050,IE5 0,nuclear,1.9108863383069537e-10,0.0
pac2_0,2050,IE5 0,oil,1.0629567228345296e-10,0.0
pac2_0,2050,IT1 0,H2 Electrolysis,2.3762547344338455e-06,0.0
pac2_0,2050,IT1 0,SMR,3.2600361515022533e-06,0.0
pac2_0,2050,IT1 0,biomass,1.0003628149395873e-05,0.0
pac2_0,2050,IT1 0,coal,5.448750604081658e-11,0.0
pac2_0,2050,IT1 0,gas,0.2871163810009939,115.0
pac2_0,2050,IT1 0,hydro,173.96541179014287,69586.0
pac2_0,2050,IT1 0,lignite,9.80768975360878e-11,0.0
pac2_0,2050,IT1 0,nuclear,1.921781681924048e-10,0.0
pac2_0,2050,IT1 0,oil,3.487389298032828e-10,0.0
pac2_0,2050,IT1 1,H2 Electrolysis,6.882118076772097e-07,0.0
pac2_0,2050,IT1 1,SMR,3.6064426340070924e-06,0.0
pac2_0,2050,IT1 1,biomass,1.787247924762001e-05,0.0
pac2_0,2050,IT1 1,coal,4.506208556416861e-11,0.0
pac2_0,2050,IT1 1,gas,0.22855373307364457,91.0
pac2_0,2050,IT1 1,hydro,471.8780424967176,188751.0
pac2_0,2050,IT1 1,lignite,9.806242400208844e-11,0.0
pac2_0,2050,IT1 1,nuclear,1.9180670082667372e-10,0.0
pac2_0,2050,IT1 1,oil,1.170605662558387e-11,0.0
pac2_0,2050,IT1 2,H2 Electrolysis,0.10490104570961012,42.0
pac2_0,2050,IT1 2,SMR,3.291666089753437e-06,0.0
pac2_0,2050,IT1 2,biomass,0.159923060428636,64.0
pac2_0,2050,IT1 2,coal,4.393910665714443e-11,0.0
pac2_0,2050,IT1 2,gas,0.02924911093213216,12.0
pac2_0,2050,IT1 2,hydro,82.22199270459875,32889.0
pac2_0,2050,IT1 2,lignite,9.807736129992683e-11,0.0
pac2_0,2050,IT1 2,nuclear,1.922152092633858e-10,0.0
pac2_0,2050,IT1 2,oil,9.968770048679129e-11,0.0
pac2_0,2050,IT1 3,H2 Electrolysis,7.193705579750518e-07,0.0
pac2_0,2050,IT1 3,SMR,3.671721467850879e-06,0.0
pac2_0,2050,IT1 3,biomass,0.11459173550528316,46.0
pac2_0,2050,IT1 3,coal,1.1042076020930167e-10,0.0
pac2_0,2050,IT1 3,gas,0.2951830946462146,118.0
pac2_0,2050,IT1 3,hydro,440.0915897604878,176037.0
pac2_0,2050,IT1 3,lignite,9.806652706776644e-11,0.0
pac2_0,2050,IT1 3,nuclear,1.921126030263767e-10,0.0
pac2_0,2050,IT1 3,oil,5.64758584323854e-11,0.0
pac2_0,2050,IT3 0,H2 Electrolysis,0.063439630282435,25.0
pac2_0,2050,IT3 0,SMR,3.182972493673301e-06,0.0
pac2_0,2050,IT3 0,biomass,1.699809658186848e-06,0.0
pac2_0,2050,IT3 0,coal,1.0702798004310637e-10,0.0
pac2_0,2050,IT3 0,gas,1.0025568251361515e-05,0.0
pac2_0,2050,IT3 0,hydro,25.64328954870505,10257.0
pac2_0,2050,IT3 0,lignite,9.806973790511527e-11,0.0
pac2_0,2050,IT3 0,nuclear,1.923034579801345e-10,0.0
pac2_0,2050,IT3 0,oil,1.105612196848142e-10,0.0
pac2_0,2050,LT6 0,H2 Electrolysis,0.06887470653543352,28.0
pac2_0,2050,LT6 0,SMR,3.463160573884002e-06,0.0
pac2_0,2050,LT6 0,biomass,0.1013843127703995,41.0
pac2_0,2050,LT6 0,coal,1.4520681163508013e-10,0.0
pac2_0,2050,LT6 0,gas,0.0001468017464905995,0.0
pac2_0,2050,LT6 0,hydro,42.10051483591114,16840.0
pac2_0,2050,LT6 0,lignite,1.9651629984615347e-10,0.0
pac2_0,2050,LT6 0,nuclear,1.917252253863112e-10,0.0
pac2_0,2050,LT6 0,oil,1.1269412271772994e-10,0.0
pac2_0,2050,LU1 0,H2 Electrolysis,0.012804736728556452,5.0
pac2_0,2050,LU1 0,SMR,3.6722767823397545e-06,0.0
pac2_0,2050,LU1 0,biomass,0.014665917733976465,6.0
pac2_0,2050,LU1 0,coal,1.4517960004661727e-10,0.0
pac2_0,2050,LU1 0,gas,0.057476391871824364,23.0
pac2_0,2050,LU1 0,hydro,1.4638628795757096,586.0
pac2_0,2050,LU1 0,lignite,1.965007211461778e-10,0.0
pac2_0,2050,LU1 0,nuclear,1.9127701654570968e-10,0.0
pac2_0,2050,LU1 0,oil,9.704002864818686e-11,0.0
pac2_0,2050,LV6 0,H2 Electrolysis,0.010039172836826451,4.0
pac2_0,2050,LV6 0,SMR,3.50448367238533e-06,0.0
pac2_0,2050,LV6 0,biomass,0.02734074146047143,11.0
pac2_0,2050,LV6 0,coal,1.3286710730090747e-10,0.0
pac2_0,2050,LV6 0,gas,6.738563275030436e-05,0.0
pac2_0,2050,LV6 0,hydro,34.181920515516545,13673.0
pac2_0,2050,LV6 0,lignite,1.537332815911972e-10,0.0
pac2_0,2050,LV6 0,nuclear,1.9147547970337282e-10,0.0
pac2_0,2050,LV6 0,oil,9.827969725403692e-11,0.0
pac2_0,2050,NL1 0,H2 Electrolysis,0.31742379017920375,127.0
pac2_0,2050,NL1 0,SMR,3.5647225751727284e-06,0.0
pac2_0,2050,NL1 0,biomass,7.043602035161512e-05,0.0
pac2_0,2050,NL1 0,coal,7.652345634845246e-11,0.0
pac2_0,2050,NL1 0,gas,1.1976799994655323,479.0
pac2_0,2050,NL1 0,hydro,1.8925038173778834,757.0
pac2_0,2050,NL1 0,lignite,9.805442413054291e-11,0.0
pac2_0,2050,NL1 0,nuclear,1.918216790545877e-10,0.0
pac2_0,2050,NL1 0,oil,1.0400978594274104e-10,0.0
pac2_0,2050,PL1 0,H2 Electrolysis,0.26639264664415974,107.0
pac2_0,2050,PL1 0,SMR,3.6853462353121856e-06,0.0
pac2_0,2050,PL1 0,biomass,7.257093898806545,2903.0
pac2_0,2050,PL1 0,coal,1.5346189951561298e-10,0.0
pac2_0,2050,PL1 0,gas,19.882423052876288,7953.0
pac2_0,2050,PL1 0,hydro,68.68210229632842,27473.0
pac2_0,2050,PL1 0,lignite,1.7332447435047571e-10,0.0
pac2_0,2050,PL1 0,nuclear,2.8730103619321516e-10,0.0
pac2_0,2050,PL1 0,oil,1.0595681428025342e-10,0.0
pac2_0,2050,PT1 0,H2 Electrolysis,0.039591534957567925,16.0
pac2_0,2050,PT1 0,SMR,3.205396372994556e-06,0.0
pac2_0,2050,PT1 0,biomass,0.016751432060789783,7.0
pac2_0,2050,PT1 0,coal,1.4308268261759005e-10,0.0
pac2_0,2050,PT1 0,gas,1.884426143926671e-05,0.0
pac2_0,2050,PT1 0,hydro,151.5012185333756,60600.0
pac2_0,2050,PT1 0,lignite,9.80623076583926e-11,0.0
pac2_0,2050,PT1 0,nuclear,1.9113747101687667e-10,0.0
pac2_0,2050,PT1 0,oil,1.1249028282212164e-10,0.0
pac2_0,2050,RO1 0,H2 Electrolysis,0.15302326103849054,61.0
pac2_0,2050,RO1 0,SMR,3.5484710627206267e-06,0.0
pac2_0,2050,RO1 0,biomass,0.12951668363742966,52.0
pac2_0,2050,RO1 0,coal,2.356697505811872e-10,0.0
pac2_0,2050,RO1 0,gas,6.905876663703794e-05,0.0
pac2_0,2050,RO1 0,hydro,295.6437903599209,118258.0
pac2_0,2050,RO1 0,lignite,2.1010938376541405e-10,0.0
pac2_0,2050,RO1 0,nuclear,1.1924913551989984e-10,0.0
pac2_0,2050,RO1 0,oil,1.1252499595045989e-10,0.0
pac2_0,2050,SE2 0,H2 Electrolysis,0.11790593513326705,47.0
pac2_0,2050,SE2 0,SMR,3.5114139165885046e-06,0.0
pac2_0,2050,SE2 0,biomass,0.2603937644855713,104.0
pac2_0,2050,SE2 0,coal,1.1028897418212169e-10,0.0
pac2_0,2050,SE2 0,gas,9.788482301785752e-06,0.0
pac2_0,2050,SE2 0,hydro,1361.8348158190586,544734.0
pac2_0,2050,SE2 0,lignite,9.806488671664913e-11,0.0
pac2_0,2050,SE2 0,nuclear,1.192436603200527e-10,0.0
pac2_0,2050,SE2 0,oil,4.524810271533753e-11,0.0
pac2_0,2050,SI1 0,H2 Electrolysis,0.00725504018954579,3.0
pac2_0,2050,SI1 0,SMR,3.8100327030122783e-06,0.0
pac2_0,2050,SI1 0,biomass,0.04149331518192893,17.0
pac2_0,2050,SI1 0,coal,7.242842783271658e-11,0.0
pac2_0,2050,SI1 0,gas,0.0,0.0
pac2_0,2050,SI1 0,hydro,63.334354065872674,25334.0
pac2_0,2050,SI1 0,lignite,1.3573246553862432e-10,0.0
pac2_0,2050,SI1 0,nuclear,1.1923646102385758e-10,0.0
pac2_0,2050,SI1 0,oil,1.1247966882647381e-10,0.0
pac2_0,2050,SK1 0,H2 Electrolysis,0.0935202579780836,37.0
pac2_0,2050,SK1 0,SMR,3.933414766436374e-06,0.0
pac2_0,2050,SK1 0,biomass,0.16888287560805063,68.0
pac2_0,2050,SK1 0,coal,1.7856932654050984e-10,0.0
pac2_0,2050,SK1 0,gas,0.00025531142971422566,0.0
pac2_0,2050,SK1 0,hydro,121.480697598467,48592.0
pac2_0,2050,SK1 0,lignite,2.1033107411241635e-10,0.0
pac2_0,2050,SK1 0,nuclear,2.968281129041511e-10,0.0
pac2_0,2050,SK1 0,oil,1.1234615747357296e-10,0.0
